time_sec,FP1
0.0,-1.396
0.004,5.753
0.008,23.159
0.012,12.97
0.016,20.874
0.02,17.965
0.024,6.225
0.028,18.273
0.032,9.814
0.036,9.745
0.04,13.791
0.044,-2.727
0.048,24.035
0.052,4.857
0.056,20.906
0.06,11.492
0.064,24.577
0.068,1.699
0.072,4.151
0.076,9.558
0.08,-17.024
0.084,12.173
0.088,18.144
0.092,12.835
0.096,7.976
0.1,-2.132
0.104,11.099
0.108,8.038
0.112,0.321
0.116,-4.366
0.12,-8.746
0.124,-18.034
0.128,6.043
0.132,-28.308
0.136,-10.535
0.14,-5.312
0.144,1.642
0.148,10.777
0.152,3.325
0.156,-9.187
0.16,1.445
0.164,-17.93
0.168,9.583
0.172,-5.62
0.176,-10.082
0.18,-8.989
0.184,-2.446
0.188,-4.989
0.192,22.598
0.196,-6.747
0.2,1.456
0.204,2.052
0.208,2.63
0.212,3.398
0.216,-1.563
0.22,-2.271
0.224,-4.852
0.228,-11.016
0.232,6.011
0.236,13.558
0.24,-1.965
0.244,-2.482
0.248,-0.53
0.252,-2.545
0.256,-12.969
0.26,14.292
0.264,4.204
0.268,-8.192
0.272,0.959
0.276,-7.37
0.28,-6.093
0.284,-1.331
0.288,3.577
0.292,8.288
0.296,9.221
0.3,-11.159
0.304,-14.448
0.308,-9.148
0.312,-9.456
0.316,-18.569
0.32,-17.801
0.324,-3.708
0.328,4.464
0.332,-14.199
0.336,-18.257
0.34,-14.32
0.344,-21.012
0.348,-13.236
0.352,-5.606
0.356,-9.854
0.36,4.201
0.364,-5.647
0.368,-1.276
0.372,-6.438
0.376,9.393
0.38,-14.763
0.384,-4.331
0.388,-11.785
0.392,9.449
0.396,10.895
0.4,-1.605
0.404,21.234
0.408,2.708
0.412,-7.213
0.416,4.651
0.42,11.797
0.424,6.471
0.428,31.964
0.432,18.23
0.436,27.226
0.44,23.878
0.444,-6.862
0.448,6.069
0.452,-17.709
0.456,2.728
0.46,19.854
0.464,-0.313
0.468,1.085
0.472,9.976
0.476,13.795
0.48,1.524
0.484,1.668
0.488,11.443
0.492,5.026
0.496,-1.215
0.5,3.97
0.504,0.821
0.508,1.904
0.512,18.741
0.516,-4.867
0.52,-7.663
0.524,11.522
0.528,-9.912
0.532,14.214
0.536,-4.944
0.54,-2.167
0.544,4.639
0.548,9.749
0.552,8.006
0.556,-3.489
0.56,-4.519
0.564,3.293
0.568,1.901
0.572,-5.084
0.576,6.268
0.58,12.944
0.584,5.517
0.588,20.331
0.592,9.608
0.596,4.721
0.6,8.001
0.604,2.049
0.608,-2.094
0.612,13.461
0.616,0.537
0.62,5.747
0.624,8.58
0.628,13.34
0.632,13.99
0.636,9.68
0.64,-10.544
0.644,6.207
0.648,-0.099
0.652,5.81
0.656,15.997
0.66,13.195
0.664,6.328
0.668,8.086
0.672,-13.01
0.676,2.625
0.68,5.694
0.684,-8.851
0.688,1.025
0.692,-8.047
0.696,4.589
0.7,4.544
0.704,-12.946
0.708,6.055
0.712,-11.358
0.716,10.386
0.72,-15.811
0.724,-10.796
0.728,-9.711
0.732,-19.626
0.736,-29.51
0.74,-20.255
0.744,-1.329
0.748,-15.147
0.752,-14.737
0.756,4.207
0.76,-5.407
0.764,-2.602
0.768,-0.326
0.772,-17.017
0.776,-5.758
0.78,-4.521
0.784,-6.602
0.788,-14.92
0.792,1.668
0.796,-18.552
0.8,-10.37
0.804,-8.173
0.808,-3.343
0.812,9.973
0.816,18.827
0.82,20.086
0.824,11.426
0.828,8.151
0.832,-19.334
0.836,15.495
0.84,30.528
0.844,8.698
0.848,6.329
0.852,10.688
0.856,10.601
0.86,4.188
0.864,-1.455
0.868,5.276
0.872,-12.739
0.876,-18.567
0.88,13.118
0.884,-5.834
0.888,5.148
0.892,12.794
0.896,8.744
0.9,-9.652
0.904,-1.469
0.908,-16.902
0.912,-6.726
0.916,4.437
0.92,-5.942
0.924,-34.903
0.928,-28.912
0.932,-14.305
0.936,7.274
0.94,-3.715
0.944,-3.821
0.948,-17.809
0.952,-2.492
0.956,-25.915
0.96,1.137
0.964,10.472
0.968,-8.469
0.972,11.629
0.976,-5.297
0.98,4.513
0.984,2.824
0.988,6.255
0.992,21.693
0.996,16.301
1.0,1.718
1.004,-18.219
1.008,19.227
1.012,18.669
1.016,13.326
1.02,6.612
1.024,28.574
1.028,-5.019
1.032,5.137
1.036,-1.695
1.04,16.532
1.044,7.867
1.048,33.225
1.052,11.746
1.056,8.515
1.06,15.856
1.064,1.935
1.068,-2.54
1.072,12.619
1.076,1.291
1.08,14.81
1.084,7.242
1.088,3.892
1.092,2.251
1.096,-0.435
1.1,3.403
1.104,-5.693
1.108,-22.279
1.112,-2.827
1.116,-9.023
1.12,-18.898
1.124,2.075
1.128,-10.022
1.132,-24.04
1.136,-7.581
1.14,-13.703
1.144,-23.972
1.148,-3.717
1.152,-17.114
1.156,0.912
1.16,-14.812
1.164,4.456
1.168,-0.462
1.172,-2.969
1.176,-10.903
1.18,6.45
1.184,3.203
1.188,-4.685
1.192,5.506
1.196,-9.821
1.2,-11.667
1.204,0.816
1.208,3.058
1.212,7.123
1.216,3.903
1.22,15.971
1.224,-9.135
1.228,9.549
1.232,6.104
1.236,17.276
1.24,4.715
1.244,6.268
1.248,20.247
1.252,10.025
1.256,7.48
1.26,-3.26
1.264,1.204
1.268,-17.599
1.272,-10.45
1.276,3.485
1.28,-21.768
1.284,-4.042
1.288,-5.775
1.292,-3.016
1.296,-24.781
1.3,-28.979
1.304,1.646
1.308,-9.037
1.312,-6.638
1.316,4.94
1.32,-9.858
1.324,-31.482
1.328,-15.075
1.332,-3.75
1.336,-16.032
1.34,-14.515
1.344,-17.076
1.348,4.172
1.352,2.602
1.356,-27.138
1.36,10.898
1.364,-14.897
1.368,14.19
1.372,-18.09
1.376,7.253
1.38,-8.204
1.384,-2.853
1.388,8.786
1.392,-6.21
1.396,5.545
1.4,6.627
1.404,16.566
1.408,19.347
1.412,25.411
1.416,10.502
1.42,12.284
1.424,3.128
1.428,1.64
1.432,-3.536
1.436,7.65
1.44,11.583
1.444,10.198
1.448,15.58
1.452,-3.986
1.456,26.518
1.46,11.774
1.464,19.051
1.468,10.904
1.472,-2.05
1.476,2.663
1.48,-27.896
1.484,6.364
1.488,2.66
1.492,14.616
1.496,-15.922
1.5,0.039
1.504,-2.994
1.508,-13.274
1.512,-15.953
1.516,-13.57
1.52,7.574
1.524,7.239
1.528,-17.255
1.532,-4.653
1.536,1.732
1.54,0.351
1.544,-17.882
1.548,-8.399
1.552,-16.322
1.556,8.712
1.56,25.099
1.564,-0.681
1.568,-20.903
1.572,9.525
1.576,17.729
1.58,17.79
1.584,5.498
1.588,9.989
1.592,6.453
1.596,13.485
1.6,16.413
1.604,0.114
1.608,2.354
1.612,5.279
1.616,6.766
1.62,11.248
1.624,20.659
1.628,-3.577
1.632,18.563
1.636,7.168
1.64,-19.892
1.644,4.286
1.648,4.927
1.652,12.406
1.656,11.979
1.66,5.083
1.664,-4.02
1.668,12.557
1.672,-4.897
1.676,-11.208
1.68,-6.966
1.684,-7.176
1.688,-4.166
1.692,-8.718
1.696,-9.059
1.7,0.876
1.704,0.367
1.708,-3.246
1.712,-12.551
1.716,-16.906
1.72,-13.213
1.724,-12.901
1.728,-3.429
1.732,-14.92
1.736,-24.304
1.74,-20.631
1.744,5.516
1.748,-21.187
1.752,-24.108
1.756,-13.878
1.76,7.268
1.764,-8.66
1.768,-5.894
1.772,-23.708
1.776,-21.993
1.78,-6.047
1.784,-9.589
1.788,-0.093
1.792,-13.994
1.796,8.563
1.8,12.575
1.804,-15.549
1.808,3.229
1.812,-1.231
1.816,16.686
1.82,5.121
1.824,12.896
1.828,2.992
1.832,7.174
1.836,25.522
1.84,25.002
1.844,-12.795
1.848,7.801
1.852,6.114
1.856,-7.423
1.86,-4.841
1.864,4.132
1.868,11.218
1.872,6.21
1.876,-3.93
1.88,-11.104
1.884,-22.186
1.888,13.389
1.892,-8.319
1.896,-12.053
1.9,-0.742
1.904,-5.576
1.908,-5.408
1.912,0.891
1.916,-10.886
1.92,-16.839
1.924,-7.815
1.928,-5.744
1.932,-17.174
1.936,-17.109
1.94,-16.179
1.944,2.924
1.948,9.195
1.952,8.779
1.956,-12.295
1.96,-9.218
1.964,-14.092
1.968,18.073
1.972,-4.057
1.976,1.526
1.98,-1.72
1.984,5.858
1.988,-5.169
1.992,0.22
1.996,-1.633
2.0,-15.156
2.004,11.975
2.008,17.66
2.012,20.73
2.016,27.262
2.02,21.691
2.024,11.867
2.028,18.283
2.032,7.669
2.036,20.895
2.04,9.946
2.044,-10.718
2.048,11.798
2.052,12.18
2.056,-0.848
2.06,14.871
2.064,21.127
2.068,-3.262
2.072,14.828
2.076,14.855
2.08,-4.453
2.084,-0.537
2.088,-8.205
2.092,-4.22
2.096,-0.072
2.1,10.99
2.104,-8.11
2.108,-18.249
2.112,-35.049
2.116,-11.112
2.12,-18.263
2.124,-3.876
2.128,-3.925
2.132,-22.457
2.136,-3.21
2.14,-9.072
2.144,-9.489
2.148,-12.045
2.152,2.996
2.156,-0.326
2.16,-3.965
2.164,6.195
2.168,-4.369
2.172,-2.668
2.176,2.009
2.18,-5.302
2.184,-13.852
2.188,16.563
2.192,9.13
2.196,-12.56
2.2,-8.702
2.204,-8.884
2.208,-12.889
2.212,6.465
2.216,18.274
2.22,7.435
2.224,19.361
2.228,-0.317
2.232,6.477
2.236,-5.552
2.24,3.681
2.244,13.845
2.248,9.77
2.252,12.265
2.256,-2.683
2.26,9.768
2.264,14.316
2.268,4.56
2.272,-15.914
2.276,-0.162
2.28,-1.533
2.284,-11.692
2.288,-16.261
2.292,-15.031
2.296,3.671
2.3,-7.341
2.304,7.259
2.308,-28.114
2.312,-6.515
2.316,4.775
2.32,6.718
2.324,-17.232
2.328,3.959
2.332,-0.994
2.336,0.046
2.34,-9.345
2.344,-0.959
2.348,-1.356
2.352,-15.855
2.356,-36.06
2.36,3.276
2.364,3.51
2.368,1.438
2.372,-8.893
2.376,-7.722
2.38,-18.174
2.384,15.041
2.388,-0.778
2.392,9.75
2.396,-0.955
2.4,-19.822
2.404,12.738
2.408,18.014
2.412,25.4
2.416,6.525
2.42,3.612
2.424,10.528
2.428,-0.91
2.432,1.096
2.436,16.206
2.44,7.833
2.444,4.853
2.448,13.885
2.452,6.225
2.456,33.402
2.46,5.895
2.464,23.751
2.468,14.564
2.472,16.552
2.476,9.599
2.48,3.712
2.484,4.333
2.488,-2.596
2.492,6.289
2.496,11.429
2.5,-23.463
2.504,-12.548
2.508,-12.57
2.512,5.264
2.516,4.441
2.52,-6.393
2.524,12.437
2.528,-6.66
2.532,2.407
2.536,4.96
2.54,-4.546
2.544,7.684
2.548,-6.11
2.552,-2.192
2.556,-0.384
2.56,6.664
2.564,14.148
2.568,-7.084
2.572,-12.517
2.576,8.749
2.58,-18.018
2.584,4.306
2.588,10.435
2.592,-12.086
2.596,-2.174
2.6,3.868
2.604,6.433
2.608,8.143
2.612,12.653
2.616,15.956
2.62,-6.521
2.624,21.915
2.628,6.585
2.632,5.17
2.636,20.224
2.64,3.356
2.644,-0.521
2.648,-11.248
2.652,19.5
2.656,-11.779
2.66,-8.034
2.664,-17.171
2.668,-0.976
2.672,-16.819
2.676,12.403
2.68,-7.437
2.684,-13.471
2.688,0.741
2.692,-15.017
2.696,-6.68
2.7,2.557
2.704,-15.641
2.708,-12.288
2.712,-16.864
2.716,-13.358
2.72,19.687
2.724,-32.754
2.728,-2.711
2.732,-11.534
2.736,-19.221
2.74,-2.085
2.744,0.383
2.748,-20.851
2.752,-12.345
2.756,-17.054
2.76,-5.823
2.764,-7.827
2.768,-8.987
2.772,-3.624
2.776,-1.883
2.78,8.855
2.784,-13.621
2.788,-4.628
2.792,21.53
2.796,-8.322
2.8,11.335
2.804,-9.847
2.808,8.066
2.812,-0.155
2.816,6.383
2.82,-0.028
2.824,16.357
2.828,3.403
2.832,2.383
2.836,8.985
2.84,-2.824
2.844,-19.202
2.848,-11.011
2.852,-3.46
2.856,20.529
2.86,25.665
2.864,-11.145
2.868,3.31
2.872,-5.798
2.876,2.813
2.88,-13.305
2.884,2.374
2.888,-9.973
2.892,-14.646
2.896,-10.002
2.9,-24.256
2.904,2.058
2.908,-13.795
2.912,9.308
2.916,2.383
2.92,6.136
2.924,-10.4
2.928,6.958
2.932,7.019
2.936,-9.915
2.94,-4.921
2.944,9.466
2.948,-2.889
2.952,-10.957
2.956,7.883
2.96,10.045
2.964,-10.143
2.968,4.31
2.972,1.169
2.976,13.439
2.98,-4.248
2.984,17.654
2.988,14.836
2.992,2.821
2.996,2.132
3.0,-3.173
3.004,23.926
3.008,0.699
3.012,9.276
3.016,31.043
3.02,20.452
3.024,15.933
3.028,15.634
3.032,11.171
3.036,-0.75
3.04,18.857
3.044,1.335
3.048,33.962
3.052,-4.583
3.056,8.218
3.06,10.679
3.064,3.38
3.068,8.87
3.072,14.491
3.076,21.132
3.08,6.859
3.084,4.144
3.088,6.755
3.092,2.409
3.096,-6.74
3.1,-0.265
3.104,11.198
3.108,-1.271
3.112,-3.221
3.116,-5.397
3.12,1.04
3.124,-1.169
3.128,-1.306
3.132,-9.52
3.136,-30.172
3.14,-12.931
3.144,-7.064
3.148,-15.776
3.152,0.502
3.156,-15.066
3.16,-27.918
3.164,3.231
3.168,-6.859
3.172,-3.794
3.176,-21.056
3.18,-6.032
3.184,-3.136
3.188,-0.185
3.192,8.954
3.196,-5.828
3.2,-1.024
3.204,19.033
3.208,1.008
3.212,17.513
3.216,-14.196
3.22,1.949
3.224,16.364
3.228,11.069
3.232,19.325
3.236,0.207
3.24,4.996
3.244,-20.477
3.248,-11.343
3.252,7.516
3.256,-4.765
3.26,9.322
3.264,-3.106
3.268,4.539
3.272,-10.377
3.276,-13.41
3.28,7.062
3.284,0.863
3.288,-5.743
3.292,1.676
3.296,1.298
3.3,2.955
3.304,-12.625
3.308,-17.518
3.312,-10.154
3.316,-7.573
3.32,-24.788
3.324,-34.021
3.328,-7.77
3.332,0.499
3.336,-10.404
3.34,-13.961
3.344,-9.106
3.348,-8.277
3.352,-19.882
3.356,-6.178
3.36,3.849
3.364,-3.008
3.368,-7.394
3.372,2.74
3.376,2.469
3.38,-12.684
3.384,11.883
3.388,8.329
3.392,4.768
3.396,7.243
3.4,5.977
3.404,-2.586
3.408,12.289
3.412,7.187
3.416,18.911
3.42,3.116
3.424,1.316
3.428,0.686
3.432,20.278
3.436,9.666
3.44,4.699
3.444,-2.518
3.448,35.482
3.452,10.685
3.456,3.038
3.46,4.137
3.464,19.945
3.468,4.694
3.472,-3.932
3.476,5.115
3.48,21.524
3.484,16.817
3.488,16.688
3.492,-4.174
3.496,-12.693
3.5,-2.899
3.504,-4.028
3.508,-0.547
3.512,7.977
3.516,-7.374
3.52,-9.935
3.524,-13.52
3.528,4.483
3.532,1.153
3.536,5.996
3.54,-15.703
3.544,-7.464
3.548,10.524
3.552,2.094
3.556,10.371
3.56,8.802
3.564,7.179
3.568,-5.556
3.572,0.206
3.576,5.341
3.58,26.498
3.584,11.272
3.588,3.75
3.592,7.368
3.596,10.611
3.6,5.078
3.604,14.985
3.608,19.242
3.612,33.34
3.616,24.353
3.62,12.497
3.624,3.333
3.628,-2.533
3.632,19.383
3.636,21.49
3.64,23.782
3.644,11.559
3.648,8.006
3.652,6.299
3.656,14.509
3.66,-15.323
3.664,-13.171
3.668,-21.666
3.672,-2.472
3.676,-0.49
3.68,11.481
3.684,-1.29
3.688,2.336
3.692,-5.384
3.696,-10.28
3.7,-17.464
3.704,-5.033
3.708,-8.868
3.712,-20.008
3.716,-15.803
3.72,-21.571
3.724,-19.925
3.728,0.608
3.732,-8.35
3.736,-6.979
3.74,-21.736
3.744,-17.853
3.748,0.365
3.752,-18.284
3.756,-17.181
3.76,-3.66
3.764,2.155
3.768,3.537
3.772,-5.713
3.776,-13.176
3.78,-2.4
3.784,0.125
3.788,-6.146
3.792,-5.275
3.796,5.683
3.8,18.678
3.804,-16.81
3.808,1.209
3.812,-14.211
3.816,3.005
3.82,-0.199
3.824,23.77
3.828,9.194
3.832,-6.577
3.836,19.826
3.84,-11.17
3.844,11.146
3.848,22.177
3.852,7.775
3.856,10.628
3.86,8.366
3.864,1.163
3.868,4.78
3.872,-13.757
3.876,6.262
3.88,-7.083
3.884,7.552
3.888,-4.895
3.892,-3.462
3.896,-5.264
3.9,-11.899
3.904,0.927
3.908,-7.495
3.912,-15.795
3.916,-10.309
3.92,-7.772
3.924,-2.117
3.928,-4.11
3.932,-10.715
3.936,-3.043
3.94,16.908
3.944,-7.759
3.948,-32.706
3.952,-15.249
3.956,-9.592
3.96,9.666
3.964,11.033
3.968,-5.103
3.972,3.081
3.976,0.91
3.98,-9.428
3.984,5.088
3.988,9.023
3.992,-4.209
3.996,9.88
4.0,19.826
4.004,-7.691
4.008,12.212
4.012,18.928
4.016,21.991
4.02,1.084
4.024,8.726
4.028,13.262
4.032,23.593
4.036,32.667
4.04,15.116
4.044,25.403
4.048,10.381
4.052,8.07
4.056,21.77
4.06,26.529
4.064,28.112
4.068,1.149
4.072,-2.742
4.076,22.941
4.08,-16.164
4.084,1.802
4.088,-3.455
4.092,15.672
4.096,1.832
4.1,4.727
4.104,0.096
4.108,-5.247
4.112,2.266
4.116,-13.787
4.12,-15.54
4.124,-10.038
4.128,-8.159
4.132,-13.877
4.136,-5.715
4.14,15.179
4.144,-9.656
4.148,2.206
4.152,-9.629
4.156,5.436
4.16,-17.338
4.164,3.704
4.168,-1.162
4.172,0.095
4.176,-15.977
4.18,-7.241
4.184,11.811
4.188,-16.353
4.192,-4.375
4.196,4.993
4.2,20.8
4.204,13.859
4.208,16.062
4.212,-1.826
4.216,5.165
4.22,-3.886
4.224,0.676
4.228,4.963
4.232,-3.752
4.236,16.872
4.24,3.881
4.244,-0.587
4.248,-6.223
4.252,14.59
4.256,7.882
4.26,-2.354
4.264,-12.335
4.268,6.776
4.272,-3.728
4.276,6.422
4.28,-3.935
4.284,9.082
4.288,-6.608
4.292,8.833
4.296,0.078
4.3,-22.227
4.304,-12.506
4.308,5.319
4.312,-8.052
4.316,-16.563
4.32,-10.76
4.324,-0.393
4.328,-8.233
4.332,-13.881
4.336,-28.73
4.34,5.271
4.344,-20.36
4.348,0.059
4.352,-25.349
4.356,-14.599
4.36,-16.837
4.364,1.375
4.368,-11.895
4.372,0.703
4.376,13.648
4.38,-1.309
4.384,-10.2
4.388,-3.213
4.392,-8.896
4.396,10.772
4.4,10.516
4.404,7.682
4.408,-4.928
4.412,-15.363
4.416,3.888
4.42,4.904
4.424,-0.981
4.428,0.327
4.432,5.884
4.436,17.756
4.44,-10.903
4.444,5.005
4.448,18.827
4.452,-12.228
4.456,7.578
4.46,9.016
4.464,9.151
4.468,25.623
4.472,6.435
4.476,-0.982
4.48,0.587
4.484,4.626
4.488,-5.831
4.492,-12.965
4.496,-6.441
4.5,-2.036
4.504,16.594
4.508,-7.033
4.512,-7.331
4.516,-15.629
4.52,11.136
4.524,1.066
4.528,5.2
4.532,1.714
4.536,-10.124
4.54,-0.829
4.544,-12.582
4.548,2.353
4.552,10.016
4.556,24.39
4.56,-9.709
4.564,12.167
4.568,9.34
4.572,-10.297
4.576,4.604
4.58,16.634
4.584,-2.432
4.588,9.106
4.592,3.921
4.596,9.811
4.6,-0.282
4.604,8.568
4.608,13.03
4.612,3.303
4.616,0.817
4.62,8.683
4.624,4.461
4.628,9.854
4.632,1.821
4.636,18.102
4.64,11.482
4.644,-5.821
4.648,22.221
4.652,-1.399
4.656,2.705
4.66,16.655
4.664,-3.814
4.668,23.645
4.672,-21.39
4.676,-28.211
4.68,1.686
4.684,-16.145
4.688,-2.213
4.692,-12.665
4.696,-8.425
4.7,-3.648
4.704,-6.601
4.708,-11.11
4.712,-14.205
4.716,-12.363
4.72,-17.743
4.724,0.36
4.728,-22.485
4.732,-9.368
4.736,-8.936
4.74,-30.025
4.744,-8.936
4.748,-0.521
4.752,-13.668
4.756,-4.216
4.76,-11.007
4.764,-8.012
4.768,-0.273
4.772,-9.608
4.776,-1.349
4.78,-21.544
4.784,-4.01
4.788,-21.715
4.792,-7.128
4.796,-8.801
4.8,3.141
4.804,-4.307
4.808,19.374
4.812,-2.37
4.816,-8.346
4.82,-17.99
4.824,3.111
4.828,0.403
4.832,11.729
4.836,12.929
4.84,11.932
4.844,-5.043
4.848,-8.443
4.852,-0.534
4.856,-5.783
4.86,4.179
4.864,-0.717
4.868,8.797
4.872,-4.283
4.876,-18.272
4.88,6.359
4.884,24.475
4.888,4.372
4.892,-18.334
4.896,-18.338
4.9,11.904
4.904,-6.089
4.908,-5.353
4.912,-11.43
4.916,3.899
4.92,-4.16
4.924,-18.442
4.928,-11.428
4.932,-9.19
4.936,-10.812
4.94,1.719
4.944,-13.961
4.948,-8.949
4.952,12.47
4.956,14.231
4.96,16.731
4.964,2.864
4.968,8.102
4.972,-7.192
4.976,-5.1
4.98,-11.847
4.984,9.16
4.988,12.499
4.992,12.397
4.996,4.223
5.0,4.715
5.004,18.971
5.008,0.213
5.012,13.11
5.016,24.001
5.02,17.564
5.024,16.711
5.028,18.032
5.032,17.773
5.036,11.667
5.04,-3.928
5.044,-6.097
5.048,14.862
5.052,9.25
5.056,29.102
5.06,11.612
5.064,30.924
5.068,0.041
5.072,21.812
5.076,11.341
5.08,18.807
5.084,-4.359
5.088,-4.884
5.092,-3.544
5.096,15.773
5.1,4.648
5.104,11.157
5.108,-13.31
5.112,13.308
5.116,8.429
5.12,-11.042
5.124,-12.871
5.128,-6.577
5.132,-0.826
5.136,-8.465
5.14,-0.478
5.144,-18.535
5.148,6.599
5.152,5.419
5.156,2.754
5.16,-16.053
5.164,4.512
5.168,-15.715
5.172,9.934
5.176,-15.829
5.18,-4.549
5.184,6.625
5.188,-11.445
5.192,-19.361
5.196,-4.762
5.2,-3.646
5.204,-2.838
5.208,3.577
5.212,2.055
5.216,3.747
5.22,-5.257
5.224,-0.861
5.228,7.964
5.232,-5.749
5.236,-7.962
5.24,2.755
5.244,25.317
5.248,24.222
5.252,-21.824
5.256,-3.382
5.26,-1.124
5.264,-1.791
5.268,-1.931
5.272,-8.429
5.276,-5.343
5.28,-15.959
5.284,-21.477
5.288,-17.448
5.292,-7.313
5.296,-1.72
5.3,14.593
5.304,-16.482
5.308,-0.61
5.312,-11.583
5.316,-15.195
5.32,-5.004
5.324,-13.482
5.328,-19.844
5.332,-19.416
5.336,-21.739
5.34,-22.465
5.344,-6.725
5.348,-8.64
5.352,-21.169
5.356,-24.141
5.36,1.169
5.364,-9.286
5.368,-7.645
5.372,-6.828
5.376,-5.307
5.38,-11.867
5.384,10.048
5.388,10.502
5.392,2.402
5.396,-23.753
5.4,3.781
5.404,4.905
5.408,11.738
5.412,11.336
5.416,19.484
5.42,6.047
5.424,-14.881
5.428,27.329
5.432,29.163
5.436,15.586
5.44,-6.014
5.444,18.376
5.448,9.326
5.452,-2.681
5.456,16.392
5.46,35.114
5.464,9.623
5.468,7.287
5.472,-4.163
5.476,1.775
5.48,23.761
5.484,1.351
5.488,-2.104
5.492,-2.659
5.496,4.925
5.5,-10.088
5.504,4.762
5.508,-8.743
5.512,5.301
5.516,15.377
5.52,-7.459
5.524,0.811
5.528,5.827
5.532,3.967
5.536,2.35
5.54,10.248
5.544,-27.027
5.548,-3.838
5.552,-11.363
5.556,2.626
5.56,12.933
5.564,2.537
5.568,-4.86
5.572,7.589
5.576,26.061
5.58,0.981
5.584,2.458
5.588,9.491
5.592,4.59
5.596,16.207
5.6,-4.413
5.604,2.344
5.608,-15.726
5.612,9.66
5.616,11.509
5.62,2.161
5.624,0.95
5.628,12.359
5.632,36.648
5.636,-3.671
5.64,13.508
5.644,6.32
5.648,-17.559
5.652,16.006
5.656,7.459
5.66,-2.198
5.664,3.074
5.668,-3.17
5.672,15.693
5.676,-7.753
5.68,-16.881
5.684,-2.277
5.688,-10.044
5.692,13.384
5.696,-7.439
5.7,6.758
5.704,-8.825
5.708,-23.074
5.712,14.121
5.716,-16.703
5.72,-15.651
5.724,1.65
5.728,0.859
5.732,-6.079
5.736,-6.987
5.74,7.69
5.744,4.981
5.748,-1.961
5.752,-9.142
5.756,-32.675
5.76,-6.156
5.764,-13.857
5.768,9.906
5.772,-8.757
5.776,-8.774
5.78,-8.557
5.784,1.536
5.788,-6.706
5.792,4.443
5.796,12.644
5.8,1.345
5.804,8.519
5.808,8.586
5.812,9.544
5.816,-12.169
5.82,-3.93
5.824,8.189
5.828,9.207
5.832,6.19
5.836,-19.533
5.84,-4.941
5.844,-15.134
5.848,21.474
5.852,-11.538
5.856,4.975
5.86,11.455
5.864,-6.288
5.868,-10.933
5.872,-0.304
5.876,-21.59
5.88,-1.477
5.884,-7.782
5.888,1.964
5.892,-22.949
5.896,3.052
5.9,5.811
5.904,-13.373
5.908,-1.444
5.912,-6.172
5.916,9.911
5.92,1.394
5.924,-7.103
5.928,-23.561
5.932,-19.711
5.936,-10.707
5.94,-14.065
5.944,-11.851
5.948,6.762
5.952,-2.049
5.956,7.05
5.96,-2.05
5.964,-2.55
5.968,-7.109
5.972,-11.104
5.976,3.429
5.98,17.147
5.984,3.563
5.988,12.829
5.992,-3.422
5.996,4.251
6.0,8.308
6.004,11.726
6.008,9.892
6.012,10.839
6.016,9.454
6.02,17.256
6.024,16.673
6.028,8.947
6.032,4.701
6.036,5.354
6.04,29.848
6.044,15.847
6.048,21.333
6.052,19.812
6.056,11.859
6.06,13.578
6.064,13.441
6.068,-6.751
6.072,11.577
6.076,-0.568
6.08,-2.291
6.084,6.779
6.088,30.587
6.092,-15.308
6.096,-19.93
6.1,0.36
6.104,-21.691
6.108,-4.134
6.112,-24.468
6.116,0.08
6.12,-5.718
6.124,-15.004
6.128,5.934
6.132,-4.687
6.136,-0.546
6.14,-18.693
6.144,-3.227
6.148,-18.25
6.152,17.142
6.156,2.981
6.16,-4.003
6.164,5.605
6.168,-3.124
6.172,-5.84
6.176,-1.812
6.18,-20.554
6.184,-6.256
6.188,1.191
6.192,-7.635
6.196,21.358
6.2,-2.484
6.204,4.294
6.208,22.226
6.212,10.796
6.216,24.736
6.22,5.174
6.224,-11.351
6.228,-20.957
6.232,-8.644
6.236,5.867
6.24,12.829
6.244,13.09
6.248,-10.707
6.252,-4.746
6.256,5.882
6.26,-21.596
6.264,-9.296
6.268,1.106
6.272,-0.382
6.276,6.254
6.28,-3.088
6.284,-8.316
6.288,-15.145
6.292,-3.997
6.296,-10.846
6.3,-1.134
6.304,-23.219
6.308,7.634
6.312,-17.988
6.316,-15.417
6.32,-4.542
6.324,-5.486
6.328,-6.665
6.332,-18.127
6.336,-33.499
6.34,-13.376
6.344,-4.122
6.348,-6.241
6.352,-0.431
6.356,-12.869
6.36,-16.181
6.364,-19.318
6.368,-0.434
6.372,-2.813
6.376,-4.386
6.38,-3.384
6.384,-4.21
6.388,-4.214
6.392,7.756
6.396,-5.453
6.4,18.716
6.404,19.784
6.408,22.874
6.412,18.976
6.416,1.628
6.42,17.579
6.424,7.753
6.428,10.484
6.432,14.319
6.436,7.689
6.44,10.008
6.444,17.385
6.448,19.34
6.452,17.476
6.456,34.555
6.46,29.996
6.464,9.126
6.468,8.837
6.472,11.029
6.476,12.421
6.48,21.288
6.484,-2.61
6.488,-2.656
6.492,1.425
6.496,31.996
6.5,14.215
6.504,-15.772
6.508,0.651
6.512,-19.57
6.516,2.589
6.52,-4.068
6.524,10.817
6.528,10.701
6.532,14.314
6.536,0.853
6.54,4.05
6.544,9.523
6.548,4.612
6.552,-9.506
6.556,-10.185
6.56,4.791
6.564,-16.165
6.568,17.686
6.572,-7.52
6.576,14.708
6.58,1.292
6.584,-11.154
6.588,7.546
6.592,2.613
6.596,-6.77
6.6,18.051
6.604,8.962
6.608,7.709
6.612,26.156
6.616,-5.629
6.62,24.981
6.624,16.836
6.628,13.677
6.632,-15.999
6.636,14.389
6.64,5.587
6.644,24.643
6.648,7.048
6.652,-7.396
6.656,0.599
6.66,0.614
6.664,7.86
6.668,0.005
6.672,13.214
6.676,8.328
6.68,-6.201
6.684,17.516
6.688,-0.202
6.692,-14.223
6.696,-11.215
6.7,7.506
6.704,5.611
6.708,0.526
6.712,-18.938
6.716,-17.62
6.72,-15.579
6.724,4.403
6.728,-11.848
6.732,-5.237
6.736,-27.632
6.74,-35.609
6.744,-12.832
6.748,-6.572
6.752,-9.838
6.756,-6.993
6.76,-12.195
6.764,-7.446
6.768,-4.363
6.772,-11.464
6.776,-19.811
6.78,-8.969
6.784,7.86
6.788,-27.602
6.792,-9.394
6.796,-1.994
6.8,-15.398
6.804,15.844
6.808,-1.079
6.812,4.735
6.816,-5.629
6.82,-3.244
6.824,2.187
6.828,-1.019
6.832,-1.506
6.836,-5.04
6.84,10.179
6.844,-10.685
6.848,15.651
6.852,7.397
6.856,0.945
6.86,8.762
6.864,-11.032
6.868,-0.148
6.872,-10.105
6.876,-0.493
6.88,-6.99
6.884,-12.954
6.888,-12.61
6.892,0.085
6.896,-11.24
6.9,-16.629
6.904,-3.827
6.908,-1.625
6.912,-7.306
6.916,-19.362
6.92,4.845
6.924,-7.204
6.928,7.524
6.932,-7.648
6.936,2.986
6.94,-22.578
6.944,-9.159
6.948,-9.443
6.952,13.398
6.956,-9.144
6.96,-14.931
6.964,-6.962
6.968,-8.101
6.972,0.211
6.976,-8.336
6.98,-6.792
6.984,11.38
6.988,-17.56
6.992,13.298
6.996,16.846
7.0,17.809
7.004,-7.413
7.008,-4.789
7.012,9.437
7.016,11.942
7.02,-3.773
7.024,23.377
7.028,29.459
7.032,6.402
7.036,9.221
7.04,30.542
7.044,15.554
7.048,14.989
7.052,13.217
7.056,-9.399
7.06,-0.294
7.064,22.241
7.068,-3.419
7.072,18.028
7.076,12.332
7.08,-3.997
7.084,11.389
7.088,7.838
7.092,20.575
7.096,1.956
7.1,0.818
7.104,-12.936
7.108,16.554
7.112,-25.741
7.116,-3.215
7.12,-1.478
7.124,-1.438
7.128,-1.754
7.132,-7.38
7.136,9.409
7.14,4.534
7.144,2.934
7.148,17.589
7.152,-13.563
7.156,-8.398
7.16,-3.997
7.164,-18.874
7.168,7.362
7.172,-8.28
7.176,-2.299
7.18,1.403
7.184,-2.0
7.188,-10.901
7.192,2.882
7.196,-10.932
7.2,1.406
7.204,-2.415
7.208,8.181
7.212,8.152
7.216,0.309
7.22,9.802
7.224,10.671
7.228,10.373
7.232,-10.648
7.236,-21.982
7.24,2.709
7.244,-19.526
7.248,5.663
7.252,-13.2
7.256,5.577
7.26,-11.214
7.264,-20.705
7.268,-21.29
7.272,-0.172
7.276,-23.731
7.28,1.899
7.284,-2.97
7.288,8.229
7.292,6.612
7.296,6.827
7.3,-20.607
7.304,-14.108
7.308,-2.339
7.312,-15.924
7.316,-10.0
7.32,-25.196
7.324,-6.874
7.328,-11.748
7.332,-22.997
7.336,1.222
7.34,-23.228
7.344,-5.338
7.348,0.864
7.352,-10.243
7.356,-9.902
7.36,2.325
7.364,6.569
7.368,-6.952
7.372,-11.55
7.376,-15.446
7.38,-9.584
7.384,14.351
7.388,-18.371
7.392,-6.041
7.396,-12.012
7.4,-6.442
7.404,5.364
7.408,4.553
7.412,2.061
7.416,7.891
7.42,9.975
7.424,-7.392
7.428,10.327
7.432,1.446
7.436,2.96
7.44,3.766
7.444,-3.226
7.448,-9.096
7.452,7.87
7.456,13.395
7.46,3.296
7.464,-6.078
7.468,10.599
7.472,18.754
7.476,4.529
7.48,22.223
7.484,0.717
7.488,5.723
7.492,0.928
7.496,9.29
7.5,5.252
7.504,9.11
7.508,0.798
7.512,7.78
7.516,7.336
7.52,-4.358
7.524,-7.048
7.528,-22.121
7.532,8.282
7.536,-0.278
7.54,-12.018
7.544,2.819
7.548,14.952
7.552,3.921
7.556,5.738
7.56,10.103
7.564,4.301
7.568,11.721
7.572,-4.374
7.576,0.361
7.58,-12.217
7.584,0.655
7.588,2.828
7.592,1.095
7.596,3.438
7.6,-10.076
7.604,7.033
7.608,18.346
7.612,17.664
7.616,8.164
7.62,16.693
7.624,7.295
7.628,15.622
7.632,13.686
7.636,8.179
7.64,-9.371
7.644,-13.306
7.648,13.211
7.652,-2.954
7.656,13.308
7.66,25.097
7.664,11.884
7.668,0.815
7.672,11.65
7.676,16.493
7.68,-0.887
7.684,10.378
7.688,-0.421
7.692,0.564
7.696,-16.045
7.7,-8.973
7.704,-15.464
7.708,-11.525
7.712,-16.296
7.716,-2.74
7.72,-21.565
7.724,-18.606
7.728,-9.02
7.732,-15.644
7.736,-18.468
7.74,-0.23
7.744,-15.119
7.748,2.263
7.752,-21.829
7.756,-39.876
7.76,-9.742
7.764,-8.442
7.768,6.301
7.772,-17.82
7.776,-5.276
7.78,-16.827
7.784,-1.19
7.788,5.766
7.792,-0.635
7.796,-9.736
7.8,2.012
7.804,14.463
7.808,9.592
7.812,-4.264
7.816,-10.669
7.82,3.186
7.824,11.719
7.828,6.315
7.832,-3.823
7.836,-4.404
7.84,11.107
7.844,3.159
7.848,-8.22
7.852,-4.135
7.856,8.528
7.86,6.893
7.864,-2.552
7.868,6.558
7.872,-2.288
7.876,-11.717
7.88,8.514
7.884,-4.098
7.888,-6.522
7.892,15.86
7.896,8.705
7.9,-0.845
7.904,-18.589
7.908,3.08
7.912,-5.815
7.916,-11.605
7.92,-24.703
7.924,11.609
7.928,-19.702
7.932,7.946
7.936,-4.806
7.94,-16.237
7.944,0.732
7.948,-12.965
7.952,-12.676
7.956,-4.663
7.96,-5.944
7.964,-10.845
7.968,0.351
7.972,5.748
7.976,11.978
7.98,-6.058
7.984,1.399
7.988,-7.962
7.992,18.804
7.996,19.677
8.0,4.653
8.004,24.484
8.008,4.413
8.012,4.114
8.016,5.608
8.02,11.806
8.024,15.317
8.028,9.339
8.032,18.202
8.036,17.777
8.04,28.513
8.044,5.614
8.048,21.284
8.052,11.426
8.056,19.239
8.06,16.439
8.064,-10.652
8.068,13.249
8.072,-5.628
8.076,13.261
8.08,9.497
8.084,3.088
8.088,10.503
8.092,7.465
8.096,13.604
8.1,-12.576
8.104,7.13
8.108,-8.135
8.112,-2.605
8.116,-6.445
8.12,-5.343
8.124,-0.618
8.128,-7.321
8.132,-19.443
8.136,14.647
8.14,-4.823
8.144,-8.432
8.148,3.971
8.152,-8.9
8.156,-10.975
8.16,12.639
8.164,-7.407
8.168,12.952
8.172,19.191
8.176,-15.193
8.18,-17.195
8.184,-1.698
8.188,10.829
8.192,-6.657
8.196,-4.312
8.2,-12.349
8.204,15.286
8.208,-5.182
8.212,-6.065
8.216,13.092
8.22,11.33
8.224,5.597
8.228,-5.99
8.232,1.101
8.236,-2.17
8.24,1.305
8.244,15.011
8.248,7.868
8.252,-10.04
8.256,-12.754
8.26,4.408
8.264,5.723
8.268,-7.552
8.272,-11.645
8.276,-19.283
8.28,4.024
8.284,0.664
8.288,-0.937
8.292,-0.809
8.296,-12.367
8.3,-7.356
8.304,-14.555
8.308,-14.78
8.312,-32.192
8.316,-11.998
8.32,-6.66
8.324,-3.979
8.328,-22.342
8.332,4.408
8.336,1.48
8.34,-19.023
8.344,-17.479
8.348,-2.617
8.352,-10.457
8.356,-13.764
8.36,-13.732
8.364,-9.367
8.368,6.52
8.372,-9.27
8.376,-4.748
8.38,7.573
8.384,13.245
8.388,-2.641
8.392,-4.642
8.396,5.713
8.4,10.162
8.404,-4.199
8.408,31.175
8.412,0.746
8.416,16.772
8.42,1.12
8.424,18.106
8.428,29.314
8.432,5.72
8.436,-7.123
8.44,15.934
8.444,10.864
8.448,-6.31
8.452,26.938
8.456,4.796
8.46,-3.175
8.464,26.569
8.468,10.067
8.472,12.04
8.476,11.089
8.48,26.515
8.484,6.26
8.488,-7.463
8.492,-24.362
8.496,-3.546
8.5,16.856
8.504,-6.442
8.508,-6.514
8.512,13.582
8.516,3.899
8.52,-7.466
8.524,0.933
8.528,-2.328
8.532,2.007
8.536,-1.91
8.54,-0.113
8.544,-14.607
8.548,5.789
8.552,3.503
8.556,4.876
8.56,5.72
8.564,-0.349
8.568,-2.238
8.572,-30.15
8.576,3.663
8.58,-26.597
8.584,7.616
8.588,11.941
8.592,12.34
8.596,4.439
8.6,15.626
8.604,21.346
8.608,5.798
8.612,7.669
8.616,21.88
8.62,11.369
8.624,33.286
8.628,7.066
8.632,13.01
8.636,0.52
8.64,11.744
8.644,3.626
8.648,-8.509
8.652,-12.216
8.656,9.929
8.66,-3.16
8.664,3.033
8.668,2.337
8.672,-2.484
8.676,17.591
8.68,-2.845
8.684,-7.64
8.688,-12.934
8.692,4.159
8.696,-9.597
8.7,5.765
8.704,-2.303
8.708,-13.37
8.712,-5.059
8.716,-4.758
8.72,-19.179
8.724,-8.967
8.728,-8.243
8.732,-11.222
8.736,-6.043
8.74,-13.564
8.744,3.82
8.748,13.734
8.752,-15.374
8.756,-29.918
8.76,-6.35
8.764,-4.899
8.768,-7.074
8.772,-20.305
8.776,-3.081
8.78,2.732
8.784,-13.047
8.788,14.596
8.792,-11.057
8.796,6.104
8.8,-2.129
8.804,-14.337
8.808,1.1
8.812,0.732
8.816,29.197
8.82,14.141
8.824,22.888
8.828,19.234
8.832,4.964
8.836,-1.512
8.84,22.824
8.844,-6.409
8.848,4.887
8.852,-1.722
8.856,10.872
8.86,23.28
8.864,0.677
8.868,-8.212
8.872,11.944
8.876,-15.044
8.88,3.478
8.884,-6.834
8.888,3.637
8.892,2.192
8.896,-12.985
8.9,15.2
8.904,9.766
8.908,-13.727
8.912,-16.489
8.916,-9.558
8.92,-18.893
8.924,-16.595
8.928,4.586
8.932,-5.505
8.936,1.936
8.94,16.257
8.944,-5.926
8.948,-9.585
8.952,-3.838
8.956,7.637
8.96,0.511
8.964,-19.424
8.968,-6.599
8.972,-13.447
8.976,-8.299
8.98,-11.916
8.984,9.691
8.988,13.919
8.992,5.218
8.996,-2.753
9.0,10.022
9.004,9.925
9.008,1.082
9.012,2.923
9.016,10.734
9.02,9.75
9.024,6.768
9.028,13.009
9.032,14.047
9.036,19.564
9.04,24.551
9.044,9.192
9.048,16.55
9.052,18.819
9.056,-6.064
9.06,10.374
9.064,6.25
9.068,11.143
9.072,27.494
9.076,3.723
9.08,12.968
9.084,13.991
9.088,8.529
9.092,7.466
9.096,-10.69
9.1,-1.692
9.104,-1.17
9.108,-4.107
9.112,-10.438
9.116,2.317
9.12,-5.252
9.124,-19.082
9.128,-12.146
9.132,-20.854
9.136,-21.32
9.14,0.106
9.144,-2.214
9.148,9.546
9.152,-18.892
9.156,-0.893
9.16,-0.685
9.164,0.467
9.168,2.306
9.172,1.684
9.176,-2.681
9.18,-10.033
9.184,8.401
9.188,-25.993
9.192,-10.168
9.196,1.491
9.2,-9.139
9.204,4.435
9.208,-7.017
9.212,16.882
9.216,-2.228
9.22,-4.487
9.224,-0.088
9.228,7.716
9.232,-2.745
9.236,-8.525
9.24,-0.557
9.244,-8.526
9.248,-0.103
9.252,-0.388
9.256,-5.847
9.26,6.745
9.264,9.828
9.268,-19.637
9.272,16.111
9.276,-2.328
9.28,-1.368
9.284,-18.833
9.288,-26.876
9.292,11.261
9.296,-5.468
9.3,3.4
9.304,-3.014
9.308,-21.644
9.312,-11.955
9.316,-10.603
9.32,-11.603
9.324,-13.083
9.328,-4.72
9.332,-20.759
9.336,-21.987
9.34,-16.375
9.344,-8.342
9.348,-17.027
9.352,-12.318
9.356,-0.335
9.36,-1.959
9.364,-12.31
9.368,-33.822
9.372,-17.441
9.376,-4.738
9.38,2.452
9.384,-10.861
9.388,4.515
9.392,-3.358
9.396,6.614
9.4,-9.443
9.404,2.166
9.408,3.425
9.412,10.78
9.416,0.092
9.42,9.926
9.424,-3.247
9.428,4.875
9.432,-14.516
9.436,2.936
9.44,-1.155
9.444,14.5
9.448,2.402
9.452,12.854
9.456,11.995
9.46,4.989
9.464,10.152
9.468,28.863
9.472,2.475
9.476,-6.3
9.48,-1.039
9.484,6.899
9.488,8.153
9.492,0.969
9.496,0.747
9.5,-0.623
9.504,-24.737
9.508,4.552
9.512,0.118
9.516,2.496
9.52,7.367
9.524,4.218
9.528,7.934
9.532,-2.827
9.536,-8.267
9.54,2.895
9.544,-18.079
9.548,9.66
9.552,-5.299
9.556,2.425
9.56,-7.665
9.564,0.054
9.568,8.759
9.572,-8.648
9.576,-11.081
9.58,1.2
9.584,-5.953
9.588,18.7
9.592,3.0
9.596,5.161
9.6,6.334
9.604,-1.567
9.608,-1.257
9.612,29.76
9.616,27.098
9.62,4.798
9.624,9.454
9.628,15.515
9.632,4.721
9.636,-1.294
9.64,9.022
9.644,12.784
9.648,20.192
9.652,22.005
9.656,8.838
9.66,11.703
9.664,5.061
9.668,18.077
9.672,-8.169
9.676,12.646
9.68,-12.746
9.684,1.898
9.688,6.544
9.692,-4.301
9.696,-8.22
9.7,1.57
9.704,-7.686
9.708,-17.222
9.712,-18.815
9.716,-17.483
9.72,-6.404
9.724,-22.573
9.728,-5.99
9.732,-20.905
9.736,-9.581
9.74,-18.515
9.744,-19.103
9.748,-11.465
9.752,-17.101
9.756,-6.605
9.76,-16.684
9.764,-28.651
9.768,-28.769
9.772,-22.569
9.776,1.098
9.78,-5.155
9.784,-15.964
9.788,-8.461
9.792,6.718
9.796,-14.951
9.8,3.698
9.804,7.303
9.808,-13.947
9.812,-1.203
9.816,-14.301
9.82,10.888
9.824,-2.157
9.828,-9.61
9.832,4.494
9.836,2.665
9.84,7.308
9.844,-10.22
9.848,22.386
9.852,7.13
9.856,-5.776
9.86,17.308
9.864,3.092
9.868,-6.585
9.872,-2.714
9.876,4.599
9.88,4.479
9.884,4.061
9.888,1.027
9.892,5.183
9.896,-4.534
9.9,-7.063
9.904,-5.684
9.908,5.812
9.912,-3.277
9.916,-22.872
9.92,-17.551
9.924,-16.5
9.928,-5.689
9.932,9.586
9.936,-22.085
9.94,-22.513
9.944,-21.317
9.948,-5.937
9.952,-10.409
9.956,4.44
9.96,-20.902
9.964,2.019
9.968,-6.767
9.972,11.275
9.976,2.142
9.98,-4.36
9.984,-9.371
9.988,16.683
9.992,1.229
9.996,-5.398
10.0,-0.763
10.004,10.122
10.008,12.049
10.012,4.476
10.016,9.18
10.02,7.605
10.024,23.633
10.028,5.547
10.032,3.877
10.036,1.57
10.04,9.587
10.044,20.155
10.048,11.724
10.052,10.631
10.056,21.012
10.06,17.491
10.064,10.956
10.068,27.413
10.072,-8.225
10.076,18.379
10.08,11.857
10.084,-9.035
10.088,14.407
10.092,13.202
10.096,-1.397
10.1,-8.919
10.104,-7.523
10.108,10.495
10.112,1.088
10.116,-15.12
10.12,9.301
10.124,3.633
10.128,-18.205
10.132,-3.859
10.136,-6.804
10.14,-5.966
10.144,-0.158
10.148,-2.438
10.152,2.498
10.156,-7.872
10.16,-9.079
10.164,-6.552
10.168,-33.18
10.172,-6.536
10.176,9.267
10.18,-9.382
10.184,-15.192
10.188,3.628
10.192,23.976
10.196,-4.211
10.2,5.6
10.204,-2.979
10.208,-10.235
10.212,-1.676
10.216,-1.075
10.22,0.052
10.224,-7.776
10.228,-9.404
10.232,-10.79
10.236,2.845
10.24,3.365
10.244,12.623
10.248,11.268
10.252,-6.678
10.256,-4.939
10.26,-6.774
10.264,-13.938
10.268,-6.809
10.272,-17.318
10.276,-20.991
10.28,3.108
10.284,-5.802
10.288,-14.361
10.292,-2.227
10.296,-2.421
10.3,4.493
10.304,-14.097
10.308,-9.117
10.312,-15.081
10.316,-17.522
10.32,-2.411
10.324,-8.013
10.328,-22.593
10.332,-12.044
10.336,-6.172
10.34,-13.675
10.344,-12.202
10.348,11.854
10.352,-18.557
10.356,-15.551
10.36,6.004
10.364,-6.244
10.368,-7.783
10.372,-17.525
10.376,-0.84
10.38,2.562
10.384,9.664
10.388,12.645
10.392,4.45
10.396,-4.156
10.4,-8.399
10.404,19.403
10.408,-0.061
10.412,18.215
10.416,14.708
10.42,5.74
10.424,22.757
10.428,8.854
10.432,22.394
10.436,7.684
10.44,7.085
10.444,9.128
10.448,30.605
10.452,13.762
10.456,9.108
10.46,-6.989
10.464,1.239
10.468,-5.086
10.472,-13.573
10.476,-2.553
10.48,24.395
10.484,15.606
10.488,13.306
10.492,-2.105
10.496,-4.508
10.5,-15.724
10.504,8.741
10.508,-3.907
10.512,-3.502
10.516,4.702
10.52,-13.397
10.524,7.235
10.528,-19.056
10.532,-18.619
10.536,6.738
10.54,0.249
10.544,-0.863
10.548,-21.952
10.552,5.65
10.556,11.917
10.56,-4.655
10.564,-4.888
10.568,17.885
10.572,-6.781
10.576,-19.245
10.58,8.045
10.584,-4.193
10.588,11.935
10.592,-1.475
10.596,3.452
10.6,2.581
10.604,0.329
10.608,8.64
10.612,22.9
10.616,-1.334
10.62,13.053
10.624,3.455
10.628,7.951
10.632,17.585
10.636,9.178
10.64,24.614
10.644,-6.919
10.648,-10.315
10.652,3.714
10.656,8.17
10.66,15.167
10.664,-2.976
10.668,2.135
10.672,-8.041
10.676,9.77
10.68,8.428
10.684,0.531
10.688,-4.22
10.692,-5.081
10.696,-15.999
10.7,-22.763
10.704,0.297
10.708,-4.466
10.712,-6.501
10.716,-17.359
10.72,-22.685
10.724,-4.095
10.728,-9.555
10.732,-15.065
10.736,-0.685
10.74,3.81
10.744,3.566
10.748,-17.037
10.752,-6.4
10.756,-2.232
10.76,-24.911
10.764,15.73
10.768,-14.941
10.772,0.29
10.776,-0.307
10.78,5.695
10.784,-6.795
10.788,-13.495
10.792,-2.899
10.796,-0.175
10.8,-12.367
10.804,12.624
10.808,-20.42
10.812,7.305
10.816,13.376
10.82,-2.669
10.824,-13.497
10.828,2.13
10.832,2.125
10.836,-0.262
10.84,-8.143
10.844,33.197
10.848,2.554
10.852,-2.477
10.856,-2.467
10.86,8.046
10.864,2.964
10.868,-12.3
10.872,-4.154
10.876,3.92
10.88,-5.463
10.884,6.671
10.888,1.121
10.892,6.711
10.896,4.173
10.9,0.285
10.904,10.825
10.908,-19.447
10.912,-21.527
10.916,-14.644
10.92,-10.164
10.924,-8.832
10.928,-24.98
10.932,6.823
10.936,-6.4
10.94,-4.206
10.944,-16.961
10.948,-7.706
10.952,-8.55
10.956,-0.94
10.96,8.064
10.964,-1.06
10.968,-8.653
10.972,3.638
10.976,2.838
10.98,-6.311
10.984,3.651
10.988,-12.69
10.992,6.134
10.996,-22.249
11.0,3.609
11.004,16.769
11.008,4.183
11.012,12.347
11.016,13.394
11.02,9.347
11.024,-0.211
11.028,-0.02
11.032,4.254
11.036,16.51
11.04,22.198
11.044,2.005
11.048,4.95
11.052,7.277
11.056,24.526
11.06,3.373
11.064,18.966
11.068,3.908
11.072,3.507
11.076,0.459
11.08,2.758
11.084,-7.483
11.088,1.012
11.092,-8.446
11.096,-0.711
11.1,-20.194
11.104,-8.871
11.108,-6.274
11.112,-9.017
11.116,-23.635
11.12,-4.111
11.124,-21.677
11.128,13.614
11.132,6.176
11.136,10.989
11.14,-7.63
11.144,-26.87
11.148,10.879
11.152,-4.951
11.156,11.535
11.16,6.317
11.164,-1.978
11.168,-15.197
11.172,-13.21
11.176,-5.859
11.18,-2.17
11.184,-3.367
11.188,1.65
11.192,14.066
11.196,18.733
11.2,-15.483
11.204,6.497
11.208,12.11
11.212,4.255
11.216,8.45
11.22,-3.18
11.224,4.676
11.228,2.443
11.232,-3.168
11.236,-1.256
11.24,7.77
11.244,-0.249
11.248,1.986
11.252,-0.036
11.256,-3.206
11.26,-10.427
11.264,-12.894
11.268,0.606
11.272,-6.084
11.276,-15.377
11.28,-9.652
11.284,-0.927
11.288,-0.852
11.292,-23.446
11.296,-2.314
11.3,-27.44
11.304,-15.549
11.308,-1.515
11.312,-21.434
11.316,-2.126
11.32,-10.364
11.324,7.009
11.328,3.987
11.332,-8.107
11.336,-14.159
11.34,1.429
11.344,-7.359
11.348,-2.801
11.352,-4.643
11.356,-6.186
11.36,-19.016
11.364,2.069
11.368,-12.159
11.372,9.482
11.376,-9.055
11.38,-1.244
11.384,14.104
11.388,4.164
11.392,-7.05
11.396,12.247
11.4,2.957
11.404,12.017
11.408,1.449
11.412,9.581
11.416,23.09
11.42,8.172
11.424,31.403
11.428,22.493
11.432,15.859
11.436,10.974
11.44,4.478
11.444,16.826
11.448,10.216
11.452,13.067
11.456,21.1
11.46,4.429
11.464,13.92
11.468,-12.741
11.472,19.527
11.476,-6.779
11.48,4.161
11.484,7.508
11.488,7.051
11.492,7.002
11.496,6.952
11.5,21.559
11.504,13.457
11.508,6.215
11.512,-19.95
11.516,-7.13
11.52,14.054
11.524,-23.688
11.528,-8.014
11.532,-9.922
11.536,17.929
11.54,-8.151
11.544,-1.819
11.548,-9.147
11.552,-17.764
11.556,-1.108
11.56,-8.82
11.564,-10.051
11.568,-1.277
11.572,-6.241
11.576,-1.898
11.58,-6.945
11.584,0.107
11.588,6.11
11.592,1.155
11.596,14.625
11.6,4.523
11.604,18.661
11.608,10.137
11.612,0.354
11.616,21.66
11.62,11.212
11.624,23.98
11.628,24.815
11.632,4.014
11.636,15.652
11.64,2.027
11.644,2.569
11.648,-0.619
11.652,25.156
11.656,21.247
11.66,20.028
11.664,-8.542
11.668,9.158
11.672,-1.607
11.676,-5.558
11.68,-1.698
11.684,0.574
11.688,-1.705
11.692,-14.494
11.696,-8.389
11.7,0.964
11.704,7.674
11.708,-3.075
11.712,-14.308
11.716,8.292
11.72,-1.783
11.724,-13.575
11.728,-24.96
11.732,-31.48
11.736,4.515
11.74,-2.391
11.744,-14.953
11.748,-7.956
11.752,-22.134
11.756,0.596
11.76,-19.156
11.764,-19.151
11.768,4.054
11.772,-15.942
11.776,-7.469
11.78,5.516
11.784,-2.712
11.788,8.156
11.792,-13.517
11.796,-2.558
11.8,7.344
11.804,3.346
11.808,2.061
11.812,-1.806
11.816,-0.123
11.82,-1.456
11.824,10.12
11.828,-7.399
11.832,3.615
11.836,8.441
11.84,2.201
11.844,11.243
11.848,-2.416
11.852,12.864
11.856,17.051
11.86,-3.155
11.864,-3.977
11.868,-13.746
11.872,3.801
11.876,21.566
11.88,-3.641
11.884,-1.714
11.888,-19.986
11.892,-9.951
11.896,5.564
11.9,6.931
11.904,4.47
11.908,7.228
11.912,-7.991
11.916,-10.317
11.92,12.87
11.924,-14.067
11.928,-7.179
11.932,-7.155
11.936,-9.871
11.94,-7.891
11.944,-7.35
11.948,-1.711
11.952,-5.506
11.956,7.774
11.96,-4.964
11.964,-2.766
11.968,2.28
11.972,-14.483
11.976,-4.888
11.98,10.083
11.984,7.774
11.988,6.224
11.992,10.618
11.996,-3.678
12.0,10.585
12.004,3.199
12.008,14.381
12.012,27.532
12.016,-0.737
12.02,28.016
12.024,6.456
12.028,18.131
12.032,3.328
12.036,9.787
12.04,1.426
12.044,25.217
12.048,32.731
12.052,6.1
12.056,7.609
12.06,22.36
12.064,1.373
12.068,-4.575
12.072,14.375
12.076,6.414
12.08,18.174
12.084,4.003
12.088,-14.517
12.092,21.258
12.096,-3.109
12.1,5.73
12.104,-1.106
12.108,-15.356
12.112,-21.666
12.116,7.836
12.12,0.796
12.124,12.89
12.128,-4.421
12.132,-4.707
12.136,-10.746
12.14,-22.981
12.144,0.367
12.148,-8.99
12.152,-6.288
12.156,-4.776
12.16,7.137
12.164,-6.876
12.168,-11.379
12.172,-4.016
12.176,15.645
12.18,0.489
12.184,-0.547
12.188,-4.068
12.192,-3.29
12.196,-10.086
12.2,-4.292
12.204,3.367
12.208,-9.889
12.212,0.921
12.216,-8.657
12.22,-5.132
12.224,-0.69
12.228,3.816
12.232,2.745
12.236,17.453
12.24,15.978
12.244,0.94
12.248,0.718
12.252,-5.546
12.256,17.744
12.26,12.392
12.264,-10.062
12.268,-1.989
12.272,11.429
12.276,-6.784
12.28,-8.504
12.284,5.009
12.288,-11.802
12.292,14.929
12.296,-4.195
12.3,-13.033
12.304,-37.145
12.308,-1.952
12.312,-24.191
12.316,-7.522
12.32,-8.039
12.324,-6.294
12.328,-27.217
12.332,-18.693
12.336,-6.438
12.34,-5.422
12.344,4.07
12.348,-17.644
12.352,-23.413
12.356,-24.972
12.36,-6.926
12.364,3.736
12.368,-11.062
12.372,-10.876
12.376,4.587
12.38,-2.005
12.384,-3.879
12.388,-4.973
12.392,2.228
12.396,-0.585
12.4,8.786
12.404,-3.14
12.408,8.142
12.412,-1.313
12.416,-5.197
12.42,15.897
12.424,7.562
12.428,2.655
12.432,-1.671
12.436,5.774
12.44,21.937
12.444,12.37
12.448,20.382
12.452,15.883
12.456,21.413
12.46,10.511
12.464,16.19
12.468,-9.575
12.472,10.0
12.476,-14.074
12.48,14.236
12.484,31.196
12.488,0.898
12.492,17.196
12.496,10.489
12.5,-1.38
12.504,-4.645
12.508,4.824
12.512,0.401
12.516,-0.142
12.52,-3.543
12.524,-6.066
12.528,-11.918
12.532,-18.344
12.536,-3.976
12.54,0.346
12.544,-16.91
12.548,-9.826
12.552,-17.934
12.556,6.346
12.56,9.811
12.564,-5.607
12.568,-0.568
12.572,4.539
12.576,-0.338
12.58,8.409
12.584,21.758
12.588,14.732
12.592,13.588
12.596,24.678
12.6,-5.69
12.604,11.124
12.608,-8.298
12.612,26.134
12.616,16.418
12.62,8.576
12.624,4.923
12.628,3.829
12.632,6.609
12.636,-6.627
12.64,3.766
12.644,3.054
12.648,-0.903
12.652,1.54
12.656,3.439
12.66,7.473
12.664,12.267
12.668,-0.935
12.672,-17.901
12.676,-1.497
12.68,-8.441
12.684,-1.902
12.688,-17.748
12.692,-12.546
12.696,-14.074
12.7,-3.54
12.704,-15.819
12.708,-16.945
12.712,-12.959
12.716,-7.752
12.72,-18.906
12.724,-27.134
12.728,-21.901
12.732,-12.916
12.736,-10.051
12.74,1.665
12.744,-24.926
12.748,-20.27
12.752,-3.642
12.756,-19.569
12.76,-7.317
12.764,-3.071
12.768,-11.172
12.772,-1.736
12.776,9.074
12.78,0.614
12.784,1.159
12.788,9.382
12.792,9.711
12.796,13.102
12.8,-6.266
12.804,-2.725
12.808,-5.776
12.812,-1.988
12.816,-10.885
12.82,-8.17
12.824,1.183
12.828,-13.003
12.832,-2.679
12.836,-7.771
12.84,12.838
12.844,14.595
12.848,8.466
12.852,10.456
12.856,16.864
12.86,10.655
12.864,6.988
12.868,-13.881
12.872,-16.219
12.876,-0.117
12.88,9.058
12.884,0.191
12.888,-0.101
12.892,-15.083
12.896,-10.208
12.9,9.976
12.904,-8.367
12.908,-8.281
12.912,-14.627
12.916,10.122
12.92,-15.631
12.924,0.991
12.928,-20.944
12.932,-25.951
12.936,-4.72
12.94,-10.454
12.944,5.583
12.948,1.762
12.952,8.16
12.956,-4.052
12.96,-3.761
12.964,-2.934
12.968,22.16
12.972,-3.899
12.976,14.288
12.98,-14.764
12.984,-17.078
12.988,4.759
12.992,-2.575
12.996,-14.625
13.0,27.2
13.004,21.513
13.008,21.283
13.012,12.992
13.016,20.102
13.02,4.364
13.024,15.644
13.028,16.288
13.032,27.132
13.036,19.973
13.04,5.367
13.044,4.453
13.048,28.888
13.052,3.334
13.056,1.635
13.06,12.9
13.064,-6.8
13.068,-6.397
13.072,14.661
13.076,11.946
13.08,9.607
13.084,27.553
13.088,10.656
13.092,13.023
13.096,-10.704
13.1,-3.591
13.104,-11.493
13.108,0.18
13.112,0.783
13.116,-8.82
13.12,-5.416
13.124,1.156
13.128,-2.801
13.132,0.162
13.136,-7.911
13.14,-14.054
13.144,-16.974
13.148,-15.65
13.152,-0.546
13.156,-1.352
13.16,-8.573
13.164,-4.132
13.168,-20.283
13.172,-2.951
13.176,-0.176
13.18,-12.378
13.184,2.779
13.188,-11.375
13.192,5.456
13.196,1.278
13.2,9.99
13.204,10.338
13.208,17.225
13.212,-1.155
13.216,11.821
13.22,0.632
13.224,4.462
13.228,2.919
13.232,-4.812
13.236,5.758
13.24,15.659
13.244,0.426
13.248,13.679
13.252,-24.057
13.256,17.77
13.26,-10.849
13.264,4.475
13.268,13.361
13.272,-16.522
13.276,0.897
13.28,9.69
13.284,-3.715
13.288,-6.948
13.292,-6.514
13.296,-5.167
13.3,-2.969
13.304,-3.747
13.308,-16.283
13.312,-14.858
13.316,-1.968
13.32,3.091
13.324,-12.528
13.328,-14.858
13.332,-7.001
13.336,-1.603
13.34,-9.534
13.344,-9.413
13.348,-1.048
13.352,-4.599
13.356,2.043
13.36,-6.86
13.364,-8.899
13.368,-8.627
13.372,-16.641
13.376,2.065
13.38,-7.418
13.384,14.121
13.388,-8.844
13.392,1.376
13.396,-5.532
13.4,3.275
13.404,-5.456
13.408,-4.582
13.412,5.468
13.416,13.464
13.42,24.312
13.424,23.588
13.428,-2.993
13.432,6.565
13.436,30.213
13.44,4.804
13.444,7.359
13.448,4.569
13.452,15.192
13.456,19.024
13.46,10.288
13.464,1.452
13.468,16.193
13.472,8.652
13.476,-7.065
13.48,-3.861
13.484,16.96
13.488,17.729
13.492,2.434
13.496,9.737
13.5,10.467
13.504,-3.216
13.508,-3.32
13.512,3.544
13.516,5.579
13.52,-11.785
13.524,-5.172
13.528,4.651
13.532,12.393
13.536,-5.433
13.54,-10.123
13.544,-7.684
13.548,-6.5
13.552,-3.083
13.556,-14.626
13.56,7.079
13.564,-21.352
13.568,-15.944
13.572,-4.725
13.576,8.089
13.58,-4.764
13.584,7.496
13.588,5.333
13.592,-11.537
13.596,18.652
13.6,5.44
13.604,8.364
13.608,-5.988
13.612,7.559
13.616,17.869
13.62,6.915
13.624,0.729
13.628,8.942
13.632,9.094
13.636,18.078
13.64,20.013
13.644,20.066
13.648,8.133
13.652,24.605
13.656,-13.789
13.66,11.636
13.664,0.894
13.668,-14.597
13.672,-7.672
13.676,3.061
13.68,2.026
13.684,-5.748
13.688,-0.437
13.692,-9.667
13.696,1.423
13.7,-3.331
13.704,-18.541
13.708,-6.706
13.712,-1.082
13.716,-17.25
13.72,-24.961
13.724,-16.045
13.728,-5.36
13.732,-16.583
13.736,-5.399
13.74,-27.922
13.744,-21.7
13.748,-7.44
13.752,-8.624
13.756,-13.602
13.76,-16.782
13.764,-0.675
13.768,-11.27
13.772,7.943
13.776,-7.119
13.78,-5.79
13.784,-10.031
13.788,7.239
13.792,-16.452
13.796,5.762
13.8,-4.609
13.804,-11.952
13.808,2.879
13.812,-7.18
13.816,15.575
13.82,-2.854
13.824,-7.849
13.828,-8.652
13.832,19.685
13.836,6.371
13.84,-0.458
13.844,11.122
13.848,3.437
13.852,3.285
13.856,13.228
13.86,10.304
13.864,-13.822
13.868,2.237
13.872,9.822
13.876,3.54
13.88,1.115
13.884,-22.135
13.888,8.875
13.892,-9.607
13.896,-3.214
13.9,4.488
13.904,6.129
13.908,-12.976
13.912,-1.247
13.916,-10.24
13.92,-6.933
13.924,-5.426
13.928,4.738
13.932,-10.664
13.936,10.307
13.94,-1.947
13.944,-28.432
13.948,-4.923
13.952,-20.939
13.956,0.47
13.96,-2.039
13.964,-0.966
13.968,22.211
13.972,-2.931
13.976,6.376
13.98,34.668
13.984,15.566
13.988,8.52
13.992,11.766
13.996,5.959
14.0,17.252
14.004,-1.997
14.008,12.3
14.012,4.195
14.016,16.797
14.02,25.896
14.024,-0.231
14.028,13.636
14.032,17.798
14.036,7.277
14.04,15.093
14.044,20.601
14.048,15.071
14.052,7.203
14.056,21.383
14.06,26.746
14.064,11.475
14.068,19.642
14.072,11.05
14.076,-6.007
14.08,13.937
14.084,16.007
14.088,15.971
14.092,0.943
14.096,27.952
14.1,6.203
14.104,-1.058
14.108,-14.498
14.112,-11.874
14.116,-10.358
14.12,-17.477
14.124,12.049
14.128,1.827
14.132,-27.432
14.136,-6.083
14.14,-3.771
14.144,-6.249
14.148,21.059
14.152,-13.094
14.156,10.741
14.16,-6.678
14.164,17.526
14.168,-34.472
14.172,-1.592
14.176,17.358
14.18,3.617
14.184,-13.35
14.188,-18.655
14.192,-8.124
14.196,-11.591
14.2,-12.461
14.204,19.016
14.208,2.372
14.212,-6.351
14.216,-8.13
14.22,-10.273
14.224,9.35
14.228,6.743
14.232,-4.195
14.236,20.727
14.24,-5.594
14.244,-3.337
14.248,4.777
14.252,-8.722
14.256,5.712
14.26,-13.639
14.264,-8.665
14.268,14.855
14.272,-0.359
14.276,1.155
14.28,-9.278
14.284,3.38
14.288,-7.181
14.292,-17.258
14.296,7.476
14.3,-5.535
14.304,1.774
14.308,-12.336
14.312,-19.436
14.316,-6.572
14.32,-6.679
14.324,-6.734
14.328,-5.028
14.332,-18.963
14.336,7.593
14.34,-4.504
14.344,-2.187
14.348,-29.264
14.352,-25.639
14.356,-19.349
14.36,-24.744
14.364,-10.104
14.368,-1.986
14.372,-2.18
14.376,3.5
14.38,22.877
14.384,-13.588
14.388,-8.584
14.392,12.09
14.396,-3.51
14.4,-9.964
14.404,-4.036
14.408,8.047
14.412,7.39
14.416,7.611
14.42,11.636
14.424,13.111
14.428,-2.875
14.432,3.249
14.436,17.188
14.44,13.953
14.444,-3.001
14.448,8.523
14.452,11.629
14.456,-3.94
14.46,-20.487
14.464,-1.608
14.468,17.835
14.472,-7.108
14.476,7.985
14.48,-7.304
14.484,-0.949
14.488,24.16
14.492,8.012
14.496,19.937
14.5,-24.901
14.504,0.128
14.508,7.653
14.512,2.562
14.516,-1.02
14.52,-10.995
14.524,11.359
14.528,-8.001
14.532,13.931
14.536,-1.866
14.54,9.222
14.544,-13.611
14.548,-1.261
14.552,6.615
14.556,-9.959
14.56,-12.019
14.564,-6.053
14.568,-4.878
14.572,19.465
14.576,-19.843
14.58,-3.529
14.584,19.735
14.588,2.982
14.592,19.687
14.596,6.231
14.6,2.452
14.604,25.615
14.608,14.576
14.612,8.041
14.616,-2.901
14.62,6.901
14.624,2.066
14.628,-1.188
14.632,20.201
14.636,-1.966
14.64,-4.317
14.644,19.885
14.648,7.111
14.652,-13.012
14.656,10.551
14.66,-4.436
14.664,3.213
14.668,7.976
14.672,20.602
14.676,7.113
14.68,-12.241
14.684,11.473
14.688,-9.029
14.692,-14.747
14.696,0.22
14.7,-2.56
14.704,-21.595
14.708,-0.566
14.712,-10.881
14.716,8.403
14.72,-25.296
14.724,-17.447
14.728,-0.191
14.732,-10.491
14.736,-15.118
14.74,-7.606
14.744,-38.524
14.748,-9.261
14.752,-15.994
14.756,-28.645
14.76,-4.441
14.764,-13.375
14.768,3.532
14.772,-2.964
14.776,-6.457
14.78,-5.65
14.784,5.417
14.788,-21.239
14.792,12.346
14.796,4.861
14.8,16.116
14.804,-3.468
14.808,-3.09
14.812,-7.975
14.816,10.379
14.82,-4.942
14.824,10.765
14.828,7.242
14.832,1.21
14.836,3.575
14.84,12.673
14.844,2.569
14.848,10.323
14.852,-17.389
14.856,-7.256
14.86,-2.877
14.864,12.334
14.868,-3.935
14.872,7.031
14.876,-5.021
14.88,-11.044
14.884,-4.051
14.888,-4.379
14.892,4.204
14.896,4.445
14.9,5.01
14.904,9.315
14.908,-3.83
14.912,-19.65
14.916,-17.295
14.92,-9.348
14.924,6.258
14.928,-15.795
14.932,-17.647
14.936,-2.019
14.94,-11.204
14.944,5.296
14.948,-9.278
14.952,-5.868
14.956,-3.761
14.96,-4.013
14.964,-8.5
14.968,-9.85
14.972,6.036
14.976,-0.983
14.98,2.152
14.984,-9.666
14.988,4.831
14.992,10.609
14.996,14.248
15.0,27.506
15.004,5.408
15.008,9.839
15.012,-0.298
15.016,-3.653
15.02,21.211
15.024,-1.246
15.028,15.369
15.032,20.79
15.036,30.664
15.04,21.612
15.044,23.32
15.048,19.495
15.052,22.799
15.056,4.333
15.06,32.437
15.064,3.746
15.068,2.318
15.072,21.131
15.076,30.057
15.08,14.16
15.084,12.871
15.088,-2.953
15.092,-0.942
15.096,-9.274
15.1,-8.119
15.104,16.177
15.108,-16.275
15.112,5.687
15.116,7.772
15.12,-6.632
15.124,-3.326
15.128,-41.881
15.132,-4.404
15.136,-15.742
15.14,-29.375
15.144,-2.284
15.148,-15.587
15.152,-7.977
15.156,-6.856
15.16,0.876
15.164,-7.599
15.168,-8.021
15.172,-8.727
15.176,-5.513
15.18,6.649
15.184,6.803
15.188,-5.86
15.192,-0.731
15.196,-1.977
15.2,-10.439
15.204,23.179
15.208,-5.19
15.212,8.997
15.216,4.087
15.22,13.731
15.224,-19.925
15.228,11.231
15.232,9.484
15.236,-22.63
15.24,6.277
15.244,9.556
15.248,-9.318
15.252,-3.109
15.256,-0.866
15.26,-7.466
15.264,-3.689
15.268,17.029
15.272,4.069
15.276,-0.368
15.28,4.839
15.284,-13.049
15.288,-20.489
15.292,-10.54
15.296,-5.914
15.3,-6.025
15.304,-14.053
15.308,-28.21
15.312,-6.707
15.316,-20.19
15.32,-19.056
15.324,-3.746
15.328,-12.171
15.332,4.244
15.336,-13.173
15.34,-12.413
15.344,-13.748
15.348,-10.228
15.352,-13.23
15.356,-9.889
15.36,-11.974
15.364,-2.601
15.368,1.727
15.372,-9.308
15.376,-7.594
15.38,2.907
15.384,15.41
15.388,-7.21
15.392,-0.326
15.396,5.775
15.4,28.835
15.404,-4.626
15.408,26.443
15.412,16.92
15.416,10.653
15.42,-9.602
15.424,1.279
15.428,7.198
15.432,19.646
15.436,7.015
15.44,16.352
15.444,12.231
15.448,5.096
15.452,13.831
15.456,14.775
15.46,0.451
15.464,9.411
15.468,27.129
15.472,17.053
15.476,25.238
15.48,6.151
15.484,-0.749
15.488,-4.937
15.492,-3.044
15.496,27.766
15.5,-11.963
15.504,-12.872
15.508,-18.203
15.512,-1.317
15.516,-1.973
15.52,-4.279
15.524,0.922
15.528,-2.441
15.532,-15.007
15.536,-5.266
15.54,10.608
15.544,-10.126
15.548,5.515
15.552,-5.017
15.556,5.892
15.56,0.665
15.564,-4.054
15.568,-2.638
15.572,3.752
15.576,5.536
15.58,13.864
15.584,-12.901
15.588,4.559
15.592,5.093
15.596,6.939
15.6,-3.197
15.604,-2.342
15.608,12.949
15.612,10.863
15.616,19.074
15.62,-15.34
15.624,21.919
15.628,10.832
15.632,15.869
15.636,21.478
15.64,18.253
15.644,5.684
15.648,4.56
15.652,11.025
15.656,8.386
15.66,16.39
15.664,-20.823
15.668,5.201
15.672,18.376
15.676,8.692
15.68,1.967
15.684,8.821
15.688,-14.336
15.692,-3.646
15.696,0.706
15.7,6.376
15.704,-9.284
15.708,-11.857
15.712,-13.055
15.716,-9.429
15.72,-20.637
15.724,-6.737
15.728,-4.335
15.732,0.589
15.736,3.507
15.74,-24.588
15.744,-3.513
15.748,-21.195
15.752,-19.565
15.756,-4.347
15.76,-12.039
15.764,5.147
15.768,-11.908
15.772,2.313
15.776,-1.656
15.78,8.506
15.784,-2.514
15.788,-2.07
15.792,-12.236
15.796,-6.502
15.8,-3.522
15.804,-16.388
15.808,-2.482
15.812,-6.661
15.816,1.869
15.82,0.103
15.824,24.653
15.828,-7.078
15.832,-9.628
15.836,-11.357
15.84,2.322
15.844,11.252
15.848,8.015
15.852,7.438
15.856,28.285
15.86,18.605
15.864,19.031
15.868,4.172
15.872,4.991
15.876,16.051
15.88,-5.053
15.884,3.418
15.888,-21.576
15.892,-18.515
15.896,-6.677
15.9,5.575
15.904,-17.442
15.908,1.886
15.912,-0.538
15.916,-15.215
15.92,-6.679
15.924,6.317
15.928,11.942
15.932,-0.489
15.936,2.714
15.94,-25.2
15.944,-5.636
15.948,-10.72
15.952,-1.602
15.956,5.503
15.96,-13.226
15.964,8.028
15.968,-10.486
15.972,-19.236
15.976,11.037
15.98,18.788
15.984,17.728
15.988,-0.182
15.992,11.599
15.996,-6.624
16.0,9.905
16.004,23.793
16.008,30.44
16.012,-2.115
16.016,10.075
16.02,13.76
16.024,16.423
16.028,21.781
16.032,4.928
16.036,15.926
16.04,3.115
16.044,33.692
16.048,-5.825
16.052,-9.711
16.056,-2.568
16.06,5.001
16.064,10.693
16.068,13.32
16.072,7.671
16.076,10.26
16.08,8.527
16.084,-15.778
16.088,-8.956
16.092,3.143
16.096,-7.68
16.1,-5.078
16.104,-2.195
16.108,4.863
16.112,6.778
16.116,5.169
16.12,-6.717
16.124,22.902
16.128,-2.959
16.132,-7.281
16.136,-11.119
16.14,0.906
16.144,1.911
16.148,-5.684
16.152,-9.843
16.156,-11.405
16.16,3.588
16.164,15.745
16.168,-10.931
16.172,-16.573
16.176,-11.771
16.18,5.908
16.184,-9.431
16.188,1.093
16.192,12.65
16.196,-8.935
16.2,0.16
16.204,1.262
16.208,7.645
16.212,9.946
16.216,-13.752
16.22,11.788
16.224,-1.452
16.228,-9.29
16.232,4.335
16.236,4.544
16.24,13.547
16.244,-4.618
16.248,14.539
16.252,7.051
16.256,-3.619
16.26,3.048
16.264,6.112
16.268,7.303
16.272,-1.466
16.276,-1.818
16.28,7.331
16.284,-0.471
16.288,-14.975
16.292,-16.909
16.296,-3.413
16.3,-4.474
16.304,-12.892
16.308,-5.221
16.312,-4.893
16.316,-21.475
16.32,6.341
16.324,-16.49
16.328,-8.022
16.332,-26.688
16.336,-25.989
16.34,-20.265
16.344,-26.047
16.348,-19.267
16.352,-9.854
16.356,-13.248
16.36,-3.376
16.364,-1.617
16.368,-10.429
16.372,-14.954
16.376,3.241
16.38,-12.906
16.384,0.785
16.388,1.355
16.392,8.83
16.396,-11.913
16.4,13.534
16.404,13.581
16.408,8.316
16.412,6.809
16.416,15.512
16.42,-14.913
16.424,20.454
16.428,5.963
16.432,13.636
16.436,-6.054
16.44,5.283
16.444,12.501
16.448,-7.725
16.452,22.901
16.456,17.925
16.46,22.182
16.464,14.64
16.468,11.471
16.472,2.853
16.476,8.048
16.48,5.69
16.484,19.742
16.488,-6.815
16.492,2.461
16.496,1.374
16.5,1.794
16.504,-6.462
16.508,4.781
16.512,3.643
16.516,-12.612
16.52,-18.823
16.524,3.668
16.528,-13.156
16.532,0.093
16.536,-5.624
16.54,-0.799
16.544,-12.89
16.548,-11.173
16.552,5.301
16.556,-25.786
16.56,8.797
16.564,5.819
16.568,8.371
16.572,-5.95
16.576,-4.458
16.58,-4.906
16.584,2.169
16.588,16.246
16.592,14.549
16.596,13.829
16.6,-4.867
16.604,24.735
16.608,-5.387
16.612,16.004
16.616,13.451
16.62,-3.038
16.624,-0.265
16.628,0.005
16.632,-1.523
16.636,11.612
16.64,18.292
16.644,-1.404
16.648,10.456
16.652,1.256
16.656,32.854
16.66,17.756
16.664,12.564
16.668,10.66
16.672,10.0
16.676,-8.172
16.68,7.044
16.684,-18.582
16.688,-15.436
16.692,-2.019
16.696,-1.68
16.7,-8.591
16.704,2.251
16.708,-14.056
16.712,3.716
16.716,-6.214
16.72,-7.303
16.724,-18.671
16.728,-24.241
16.732,-4.391
16.736,-16.689
16.74,-33.912
16.744,-8.247
16.748,-16.187
16.752,-11.901
16.756,-12.466
16.76,-30.329
16.764,-9.254
16.768,0.462
16.772,-13.072
16.776,3.271
16.78,-5.873
16.784,-2.55
16.788,-0.13
16.792,-7.178
16.796,20.313
16.8,4.269
16.804,-4.961
16.808,7.327
16.812,4.934
16.816,3.231
16.82,3.63
16.824,9.991
16.828,-8.97
16.832,-3.003
16.836,-8.362
16.84,-8.582
16.844,-20.164
16.848,1.542
16.852,-0.787
16.856,-7.496
16.86,-0.752
16.864,17.997
16.868,9.938
16.872,-21.164
16.876,-2.503
16.88,11.109
16.884,-0.789
16.888,0.451
16.892,-0.693
16.896,-13.356
16.9,2.166
16.904,5.234
16.908,-10.172
16.912,-3.273
16.916,-11.809
16.92,-1.952
16.924,8.406
16.928,5.483
16.932,-22.848
16.936,-13.29
16.94,-10.7
16.944,2.583
16.948,-5.158
16.952,-3.618
16.956,-14.078
16.96,11.861
16.964,3.228
16.968,-17.551
16.972,13.734
16.976,-8.068
16.98,6.873
16.984,-2.307
16.988,1.967
16.992,22.069
16.996,6.052
17.0,7.301
17.004,9.149
17.008,13.295
17.012,22.663
17.016,21.35
17.02,16.734
17.024,24.225
17.028,14.443
17.032,21.868
17.036,21.781
17.04,17.062
17.044,15.493
17.048,19.963
17.052,10.98
17.056,29.075
17.06,14.058
17.064,17.993
17.068,-4.66
17.072,15.024
17.076,12.413
17.08,10.869
17.084,23.141
17.088,7.386
17.092,7.948
17.096,5.028
17.1,8.825
17.104,-10.419
17.108,-16.732
17.112,-1.679
17.116,8.003
17.12,-16.152
17.124,-1.468
17.128,-6.178
17.132,-24.149
17.136,-4.172
17.14,-13.668
17.144,-21.793
17.148,12.24
17.152,-8.765
17.156,4.393
17.16,-12.051
17.164,6.047
17.168,-5.348
17.172,-0.142
17.176,3.823
17.18,-6.05
17.184,-11.335
17.188,2.614
17.192,-7.078
17.196,-3.874
17.2,7.056
17.204,3.175
17.208,-2.998
17.212,-4.746
17.216,3.155
17.22,32.054
17.224,-8.4
17.228,1.948
17.232,0.42
17.236,5.578
17.24,7.843
17.244,1.17
17.248,-0.329
17.252,15.65
17.256,-0.296
17.26,4.257
17.264,-20.288
17.268,-14.415
17.272,0.318
17.276,-10.583
17.28,-5.577
17.284,3.692
17.288,0.692
17.292,-6.387
17.296,-26.153
17.3,1.73
17.304,-9.263
17.308,-10.194
17.312,-7.388
17.316,-12.99
17.32,-29.047
17.324,0.234
17.328,-20.544
17.332,-26.435
17.336,-0.326
17.34,-10.945
17.344,-6.034
17.348,-22.439
17.352,-5.181
17.356,-2.052
17.36,13.467
17.364,-14.173
17.368,-22.833
17.372,-16.381
17.376,-9.642
17.38,21.259
17.384,-7.253
17.388,12.134
17.392,6.826
17.396,-7.12
17.4,8.935
17.404,1.689
17.408,-3.463
17.412,23.983
17.416,-1.908
17.42,8.543
17.424,18.797
17.428,5.279
17.432,17.687
17.436,11.309
17.44,2.04
17.444,29.41
17.448,19.445
17.452,26.001
17.456,18.819
17.46,10.611
17.464,6.375
17.468,-7.342
17.472,2.986
17.476,12.609
17.48,-0.315
17.484,-0.418
17.488,9.298
17.492,8.307
17.496,-13.017
17.5,-8.519
17.504,-9.614
17.508,-12.895
17.512,7.169
17.516,4.062
17.52,9.586
17.524,-10.779
17.528,-10.05
17.532,-17.08
17.536,18.727
17.54,-3.219
17.544,-14.608
17.548,-18.466
17.552,-9.164
17.556,-8.205
17.56,2.813
17.564,13.046
17.568,1.479
17.572,4.258
17.576,-1.105
17.58,15.696
17.584,6.266
17.588,2.012
17.592,31.91
17.596,-1.43
17.6,13.401
17.604,-0.221
17.608,8.285
17.612,0.187
17.616,20.607
17.62,7.04
17.624,11.638
17.628,22.402
17.632,22.879
17.636,13.624
17.64,-1.04
17.644,-10.29
17.648,5.425
17.652,-0.753
17.656,11.836
17.66,-9.614
17.664,10.915
17.668,-16.618
17.672,1.523
17.676,13.66
17.68,-1.032
17.684,-2.273
17.688,12.32
17.692,-23.921
17.696,-4.398
17.7,9.736
17.704,-16.309
17.708,-5.681
17.712,-4.032
17.716,-6.376
17.72,-6.828
17.724,4.261
17.728,-26.913
17.732,-3.465
17.736,1.872
17.74,0.559
17.744,-12.658
17.748,-11.343
17.752,-17.638
17.756,-5.807
17.76,-10.082
17.764,-12.785
17.768,-16.658
17.772,-9.744
17.776,15.54
17.78,-14.532
17.784,-18.561
17.788,-4.329
17.792,-14.607
17.796,-24.89
17.8,-6.182
17.804,-9.449
17.808,-0.671
17.812,-0.623
17.816,8.149
17.82,-11.703
17.824,-0.854
17.828,-1.718
17.832,-0.645
17.836,18.35
17.84,19.523
17.844,5.06
17.848,7.447
17.852,9.76
17.856,10.491
17.86,11.128
17.864,-9.427
17.868,6.666
17.872,9.86
17.876,-15.307
17.88,-1.823
17.884,-19.931
17.888,-22.645
17.892,-6.659
17.896,4.86
17.9,7.59
17.904,-3.325
17.908,-17.21
17.912,2.929
17.916,-12.462
17.92,-7.124
17.924,-8.18
17.928,5.57
17.932,8.12
17.936,-0.914
17.94,3.416
17.944,-5.788
17.948,-15.659
17.952,-5.298
17.956,8.043
17.96,-4.134
17.964,-6.308
17.968,-3.64
17.972,-9.158
17.976,10.093
17.98,18.224
17.984,-4.007
17.988,10.738
17.992,-7.98
17.996,17.0
18.0,6.894
18.004,0.937
18.008,4.389
18.012,7.705
18.016,14.683
18.02,1.775
18.024,7.527
18.028,1.121
18.032,21.349
18.036,15.845
18.04,18.278
18.044,7.92
18.048,29.744
18.052,4.434
18.056,1.635
18.06,16.947
18.064,-3.057
18.068,18.944
18.072,10.731
18.076,9.79
18.08,15.586
18.084,15.968
18.088,4.971
18.092,4.632
18.096,-5.802
18.1,-22.738
18.104,-5.91
18.108,-19.743
18.112,-5.915
18.116,8.768
18.12,-6.874
18.124,-0.47
18.128,-9.262
18.132,-4.303
18.136,-8.641
18.14,3.793
18.144,-5.999
18.148,-25.761
18.152,-15.86
18.156,-9.314
18.16,-15.955
18.164,-3.765
18.168,-9.193
18.172,-22.442
18.176,3.562
18.18,-5.35
18.184,-8.64
18.188,-0.499
18.192,-1.635
18.196,-11.204
18.2,-1.458
18.204,-10.55
18.208,22.283
18.212,1.993
18.216,6.185
18.22,14.416
18.224,18.246
18.228,0.361
18.232,18.83
18.236,-18.332
18.24,14.911
18.244,22.15
18.248,7.275
18.252,7.332
18.256,6.735
18.26,-8.896
18.264,-5.547
18.268,-2.373
18.272,10.301
18.276,5.557
18.28,4.235
18.284,1.045
18.288,-3.366
18.292,-5.708
18.296,-13.255
18.3,-14.554
18.304,-4.805
18.308,5.211
18.312,-11.078
18.316,2.147
18.32,-7.557
18.324,-21.994
18.328,-15.436
18.332,-2.446
18.336,-11.965
18.34,-15.923
18.344,-8.917
18.348,-11.0
18.352,-12.285
18.356,-24.395
18.36,-10.321
18.364,-11.283
18.368,-1.097
18.372,-0.918
18.376,-4.547
18.38,18.802
18.384,5.058
18.388,4.903
18.392,-18.585
18.396,-16.978
18.4,11.992
18.404,-7.721
18.408,-3.203
18.412,-2.055
18.416,14.499
18.42,14.113
18.424,12.544
18.428,14.12
18.432,-1.182
18.436,9.448
18.44,32.563
18.444,1.393
18.448,-7.623
18.452,-1.542
18.456,1.279
18.46,4.83
18.464,11.003
18.468,11.017
18.472,4.317
18.476,6.755
18.48,2.637
18.484,-6.415
18.488,4.439
18.492,12.297
18.496,14.762
18.5,-11.217
18.504,4.934
18.508,-3.569
18.512,-5.941
18.516,-8.1
18.52,3.545
18.524,-11.713
18.528,-21.16
18.532,-9.483
18.536,9.232
18.54,-6.968
18.544,-1.365
18.548,-5.629
18.552,8.876
18.556,3.257
18.56,23.36
18.564,6.6
18.568,-13.306
18.572,1.037
18.576,17.231
18.58,-14.996
18.584,22.029
18.588,3.599
18.592,-1.456
18.596,-2.265
18.6,4.242
18.604,7.357
18.608,-0.125
18.612,4.498
18.616,23.605
18.62,0.05
18.624,8.602
18.628,16.957
18.632,25.007
18.636,5.844
18.64,10.455
18.644,-3.245
18.648,9.398
18.652,10.434
18.656,8.48
18.66,1.369
18.664,6.079
18.668,-13.769
18.672,11.423
18.676,-13.621
18.68,-11.708
18.684,-17.929
18.688,-10.486
18.692,-3.034
18.696,5.828
18.7,10.361
18.704,6.177
18.708,-7.871
18.712,-17.12
18.716,-14.101
18.72,-12.114
18.724,-6.733
18.728,-13.437
18.732,-6.021
18.736,-26.891
18.74,-15.811
18.744,-17.77
18.748,-16.695
18.752,-11.099
18.756,-9.902
18.76,-7.879
18.764,-11.1
18.768,-2.694
18.772,-10.255
18.776,-17.734
18.78,1.65
18.784,-14.672
18.788,10.474
18.792,-14.639
18.796,-10.954
18.8,3.72
18.804,5.848
18.808,-0.134
18.812,4.96
18.816,14.858
18.82,15.989
18.824,-9.956
18.828,15.146
18.832,-4.369
18.836,9.018
18.84,21.498
18.844,3.22
18.848,-3.973
18.852,-0.189
18.856,-6.465
18.86,8.439
18.864,-2.259
18.868,-14.498
18.872,-5.654
18.876,-6.201
18.88,5.459
18.884,4.939
18.888,0.221
18.892,2.448
18.896,-2.985
18.9,4.905
18.904,-14.452
18.908,9.887
18.912,-20.964
18.916,-18.098
18.92,1.18
18.924,-5.133
18.928,-8.863
18.932,4.07
18.936,9.861
18.94,-8.168
18.944,3.513
18.948,-2.159
18.952,-19.116
18.956,-1.789
18.96,7.206
18.964,-6.104
18.968,13.735
18.972,2.44
18.976,11.714
18.98,3.715
18.984,4.87
18.988,10.994
18.992,-7.578
18.996,2.007
19.0,18.946
19.004,10.254
19.008,5.686
19.012,14.091
19.016,30.168
19.02,-7.155
19.024,12.9
19.028,9.091
19.032,3.253
19.036,32.147
19.04,9.837
19.044,23.099
19.048,-0.414
19.052,-2.872
19.056,-11.27
19.06,19.183
19.064,32.205
19.068,18.274
19.072,3.762
19.076,-0.245
19.08,6.55
19.084,6.86
19.088,-13.407
19.092,18.026
19.096,-0.703
19.1,8.453
19.104,18.433
19.108,14.527
19.112,-13.678
19.116,-14.101
19.12,-21.161
19.124,6.359
19.128,-22.316
19.132,-1.553
19.136,-14.113
19.14,-6.597
19.144,-14.422
19.148,-13.701
19.152,2.766
19.156,-3.287
19.16,-7.499
19.164,1.79
19.168,-17.046
19.172,-0.286
19.176,-12.022
19.18,-2.302
19.184,0.377
19.188,8.358
19.192,-8.143
19.196,-1.074
19.2,-15.265
19.204,1.673
19.208,13.866
19.212,24.334
19.216,3.933
19.22,-9.264
19.224,13.787
19.228,2.26
19.232,7.947
19.236,10.918
19.24,9.785
19.244,-11.735
19.248,6.099
19.252,-9.398
19.256,9.494
19.26,17.53
19.264,4.971
19.268,-23.857
19.272,6.581
19.276,-6.837
19.28,6.818
19.284,15.456
19.288,6.54
19.292,-12.517
19.296,-22.033
19.3,-7.918
19.304,-17.46
19.308,6.546
19.312,-0.812
19.316,-18.973
19.32,-1.883
19.324,-17.413
19.328,-1.228
19.332,-15.787
19.336,-2.711
19.34,-18.833
19.344,-27.156
19.348,-23.57
19.352,-14.042
19.356,-9.607
19.36,-24.921
19.364,-8.08
19.368,1.81
19.372,3.958
19.376,-9.076
19.38,-18.607
19.384,24.248
19.388,-15.263
19.392,1.433
19.396,18.751
19.4,-0.192
19.404,4.937
19.408,1.014
19.412,7.103
19.416,12.939
19.42,10.648
19.424,-0.925
19.428,17.787
19.432,22.285
19.436,-4.777
19.44,-1.727
19.444,10.458
19.448,12.995
19.452,21.052
19.456,13.118
19.46,3.915
19.464,21.997
19.468,8.901
19.472,15.509
19.476,-1.895
19.48,9.433
19.484,11.083
19.488,28.825
19.492,-4.99
19.496,8.597
19.5,10.073
19.504,6.127
19.508,-4.182
19.512,-2.749
19.516,0.385
19.52,2.964
19.524,12.72
19.528,4.167
19.532,-14.291
19.536,-20.372
19.54,-2.261
19.544,-2.566
19.548,4.369
19.552,-1.857
19.556,-11.703
19.56,-7.44
19.564,-4.315
19.568,-10.939
19.572,-5.624
19.576,2.282
19.58,-2.479
19.584,7.121
19.588,10.051
19.592,10.611
19.596,7.325
19.6,1.398
19.604,-3.633
19.608,16.928
19.612,11.376
19.616,17.117
19.62,2.173
19.624,9.905
19.628,-5.806
19.632,11.65
19.636,-0.802
19.64,-1.806
19.644,7.279
19.648,3.116
19.652,4.333
19.656,-0.894
19.66,11.925
19.664,10.577
19.668,6.421
19.672,5.918
19.676,-3.415
19.68,19.407
19.684,10.576
19.688,-4.304
19.692,-0.525
19.696,-20.389
19.7,-16.989
19.704,0.059
19.708,8.383
19.712,4.863
19.716,-13.65
19.72,-9.552
19.724,-20.321
19.728,-15.472
19.732,1.56
19.736,-13.027
19.74,-19.681
19.744,-14.33
19.748,-24.458
19.752,1.298
19.756,-0.853
19.76,1.546
19.764,-29.736
19.768,-10.656
19.772,-9.433
19.776,14.828
19.78,-18.789
19.784,-1.957
19.788,-6.457
19.792,3.127
19.796,-7.091
19.8,-10.077
19.804,3.314
19.808,5.509
19.812,-2.42
19.816,9.907
19.82,11.06
19.824,10.782
19.828,4.793
19.832,13.929
19.836,18.902
19.84,-7.292
19.844,0.604
19.848,3.727
19.852,1.05
19.856,3.212
19.86,-1.282
19.864,-18.322
19.868,-6.169
19.872,-21.879
19.876,17.61
19.88,-4.644
19.884,-14.321
19.888,-25.693
19.892,6.377
19.896,-0.426
19.9,-24.271
19.904,-9.574
19.908,-4.953
19.912,-7.408
19.916,-4.452
19.92,-2.814
19.924,-6.528
19.928,-20.665
19.932,5.495
19.936,-6.263
19.94,-9.334
19.944,-5.086
19.948,-1.337
19.952,-16.979
19.956,-6.589
19.96,-3.092
19.964,2.015
19.968,17.763
19.972,-0.602
19.976,4.989
19.98,6.697
19.984,-0.272
19.988,8.511
19.992,0.463
19.996,26.195
20.0,23.086
20.004,10.473
20.008,9.541
20.012,7.95
20.016,16.293
20.02,-6.277
20.024,9.51
20.028,9.245
20.032,13.305
20.036,13.633
20.04,5.629
20.044,18.071
20.048,27.931
20.052,15.417
20.056,13.063
20.06,12.151
20.064,12.787
20.068,-2.802
20.072,-0.477
20.076,6.645
20.08,11.588
20.084,8.233
20.088,3.509
20.092,-27.173
20.096,4.757
20.1,2.721
20.104,10.848
20.108,12.493
20.112,-12.503
20.116,-4.437
20.12,-13.947
20.124,-14.394
20.128,1.725
20.132,-5.267
20.136,2.164
20.14,-19.445
20.144,-8.018
20.148,-12.015
20.152,-19.231
20.156,-24.783
20.16,4.147
20.164,-14.545
20.168,-14.577
20.172,-0.063
20.176,-0.921
20.18,-2.046
20.184,-12.19
20.188,19.745
20.192,9.587
20.196,18.932
20.2,-13.584
20.204,-0.67
20.208,-7.569
20.212,-8.738
20.216,8.053
20.22,9.342
20.224,7.955
20.228,25.382
20.232,17.511
20.236,-6.041
20.24,7.698
20.244,7.374
20.248,10.705
20.252,10.593
20.256,18.405
20.26,11.659
20.264,14.526
20.268,2.617
20.272,-18.356
20.276,6.703
20.28,-12.331
20.284,-11.351
20.288,-10.621
20.292,-10.106
20.296,-4.619
20.3,2.331
20.304,0.241
20.308,-2.347
20.312,-11.275
20.316,3.098
20.32,-12.982
20.324,-6.589
20.328,-26.613
20.332,-27.321
20.336,-13.733
20.34,-5.144
20.344,-4.413
20.348,-42.7
20.352,-0.837
20.356,-17.872
20.36,6.319
20.364,4.854
20.368,-15.322
20.372,1.532
20.376,-0.097
20.38,-21.35
20.384,-4.389
20.388,-11.682
20.392,0.505
20.396,7.028
20.4,2.887
20.404,15.444
20.408,13.442
20.412,12.465
20.416,0.81
20.42,2.495
20.424,7.838
20.428,-12.219
20.432,23.496
20.436,-9.003
20.44,21.507
20.444,-0.829
20.448,-4.889
20.452,14.049
20.456,17.993
20.46,8.045
20.464,7.751
20.468,-4.74
20.472,7.752
20.476,-2.171
20.48,3.585
20.484,3.859
20.488,12.826
20.492,13.336
20.496,8.81
20.5,1.226
20.504,-17.377
20.508,13.025
20.512,-7.884
20.516,-10.234
20.52,-7.187
20.524,-10.967
20.528,-1.859
20.532,-8.562
20.536,8.638
20.54,-16.926
20.544,-9.156
20.548,-28.601
20.552,-0.769
20.556,14.865
20.56,-7.078
20.564,-5.552
20.568,-4.843
20.572,10.452
20.576,12.139
20.58,-13.922
20.584,7.167
20.588,21.327
20.592,-2.526
20.596,0.61
20.6,-4.197
20.604,1.152
20.608,-7.989
20.612,12.037
20.616,1.681
20.62,10.711
20.624,4.151
20.628,3.15
20.632,28.137
20.636,1.176
20.64,4.224
20.644,3.608
20.648,12.444
20.652,-2.17
20.656,16.05
20.66,13.793
20.664,7.383
20.668,-5.662
20.672,-5.3
20.676,-26.294
20.68,-12.652
20.684,11.925
20.688,-0.261
20.692,13.142
20.696,-2.449
20.7,-9.747
20.704,-8.718
20.708,-8.174
20.712,-27.299
20.716,-8.314
20.72,-1.856
20.724,-4.739
20.728,-21.578
20.732,-11.129
20.736,-13.26
20.74,-3.627
20.744,-15.593
20.748,-6.231
20.752,-31.424
20.756,-16.638
20.76,0.058
20.764,-18.651
20.768,3.698
20.772,-13.276
20.776,-37.734
20.78,0.872
20.784,-15.828
20.788,-0.222
20.792,9.303
20.796,0.769
20.8,-1.711
20.804,3.932
20.808,-6.726
20.812,19.384
20.816,26.125
20.82,15.358
20.824,-8.068
20.828,6.751
20.832,-9.188
20.836,-6.691
20.84,1.431
20.844,6.29
20.848,2.358
20.852,8.425
20.856,10.709
20.86,8.015
20.864,4.898
20.868,1.176
20.872,20.448
20.876,4.308
20.88,8.879
20.884,-9.348
20.888,-12.825
20.892,2.662
20.896,-0.151
20.9,8.107
20.904,-9.293
20.908,-12.31
20.912,2.521
20.916,7.189
20.92,-22.11
20.924,9.619
20.928,-25.456
20.932,7.292
20.936,-22.857
20.94,-9.645
20.944,-8.446
20.948,-3.001
20.952,-15.608
20.956,-24.168
20.96,-11.622
20.964,7.91
20.968,-0.139
20.972,1.901
20.976,-2.138
20.98,3.581
20.984,11.822
20.988,22.988
20.992,3.63
20.996,4.543
21.0,4.216
21.004,21.064
21.008,18.413
21.012,1.112
21.016,19.68
21.02,9.449
21.024,6.505
21.028,12.312
21.032,16.071
21.036,6.669
21.04,4.34
21.044,31.975
21.048,13.874
21.052,16.058
21.056,15.597
21.06,10.296
21.064,1.642
21.068,20.021
21.072,20.36
21.076,15.357
21.08,-3.384
21.084,10.121
21.088,8.895
21.092,5.524
21.096,-11.474
21.1,9.361
21.104,10.608
21.108,-4.691
21.112,1.186
21.116,-5.885
21.12,2.119
21.124,-13.004
21.128,-2.573
21.132,8.485
21.136,-9.24
21.14,-1.703
21.144,-9.459
21.148,-7.993
21.152,-10.911
21.156,-17.777
21.16,-27.241
21.164,6.86
21.168,5.362
21.172,-1.611
21.176,2.27
21.18,-0.429
21.184,-1.914
21.188,-2.627
21.192,9.349
21.196,-3.568
21.2,-12.196
21.204,1.331
21.208,24.997
21.212,11.913
21.216,6.134
21.22,2.008
21.224,3.934
21.228,11.107
21.232,-0.851
21.236,5.545
21.24,-4.373
21.244,2.521
21.248,1.278
21.252,-2.002
21.256,-5.369
21.26,17.406
21.264,-0.114
21.268,-25.845
21.272,1.504
21.276,-7.861
21.28,-3.106
21.284,8.108
21.288,-11.692
21.292,-1.191
21.296,-1.328
21.3,-18.318
21.304,0.924
21.308,-10.683
21.312,2.108
21.316,-11.915
21.32,-4.39
21.324,-14.95
21.328,10.858
21.332,-8.706
21.336,-2.866
21.34,-23.848
21.344,-5.114
21.348,6.67
21.352,0.822
21.356,-24.87
21.36,-8.321
21.364,1.226
21.368,-5.894
21.372,-16.842
21.376,8.457
21.38,-2.377
21.384,-4.239
21.388,-17.422
21.392,-10.303
21.396,-8.359
21.4,-6.336
21.404,5.061
21.408,6.014
21.412,-14.402
21.416,-18.794
21.42,5.464
21.424,17.328
21.428,-9.785
21.432,12.211
21.436,11.262
21.44,-3.534
21.444,19.67
21.448,26.179
21.452,20.234
21.456,-11.207
21.46,4.362
21.464,10.085
21.468,-2.861
21.472,-3.636
21.476,-2.343
21.48,10.805
21.484,-0.364
21.488,-6.046
21.492,8.377
21.496,-1.482
21.5,7.649
21.504,-15.955
21.508,23.667
21.512,8.525
21.516,3.147
21.52,-9.493
21.524,3.71
21.528,2.444
21.532,-1.028
21.536,-17.281
21.54,1.167
21.544,1.471
21.548,0.148
21.552,8.472
21.556,17.979
21.56,13.619
21.564,-0.876
21.568,-2.02
21.572,6.283
21.576,-33.367
21.58,13.121
21.584,-7.991
21.588,9.945
21.592,5.476
21.596,4.339
21.6,1.782
21.604,10.988
21.608,-12.077
21.612,-1.38
21.616,11.213
21.62,6.119
21.624,3.595
21.628,2.876
21.632,9.789
21.636,14.875
21.64,-5.024
21.644,5.417
21.648,10.369
21.652,-2.116
21.656,10.569
21.66,-7.236
21.664,12.872
21.668,-1.965
21.672,-5.435
21.676,5.641
21.68,-7.116
21.684,0.463
21.688,-11.739
21.692,0.683
21.696,-5.859
21.7,-13.538
21.704,3.594
21.708,-32.37
21.712,-15.497
21.716,-14.694
21.72,-15.25
21.724,0.865
21.728,-17.612
21.732,-1.783
21.736,-13.897
21.74,-20.177
21.744,-25.946
21.748,-11.993
21.752,-19.184
21.756,-9.405
21.76,-18.599
21.764,8.77
21.768,-11.907
21.772,-8.703
21.776,-0.399
21.78,-17.429
21.784,-9.121
21.788,3.16
21.792,-6.809
21.796,-9.186
21.8,-5.151
21.804,3.328
21.808,8.7
21.812,-8.315
21.816,12.288
21.82,13.679
21.824,3.144
21.828,27.765
21.832,12.65
21.836,2.987
21.84,10.758
21.844,-7.723
21.848,-11.508
21.852,4.053
21.856,-3.901
21.86,-1.072
21.864,2.969
21.868,7.421
21.872,-9.951
21.876,12.741
21.88,11.385
21.884,1.955
21.888,11.833
21.892,-4.739
21.896,-13.771
21.9,0.813
21.904,3.139
21.908,-2.211
21.912,-7.436
21.916,-5.542
21.92,-5.393
21.924,-7.728
21.928,-2.672
21.932,-10.667
21.936,2.385
21.94,7.728
21.944,7.886
21.948,-4.741
21.952,7.837
21.956,4.954
21.96,-0.423
21.964,8.42
21.968,-14.295
21.972,9.135
21.976,-7.036
21.98,-10.188
21.984,5.583
21.988,-6.406
21.992,10.365
21.996,17.193
22.0,8.852
22.004,9.671
22.008,5.515
22.012,17.549
22.016,-5.965
22.02,-1.413
22.024,0.308
22.028,25.364
22.032,4.39
22.036,13.574
22.04,9.522
22.044,8.843
22.048,-4.708
22.052,17.575
22.056,-4.918
22.06,3.438
22.064,4.066
22.068,18.121
22.072,6.637
22.076,15.9
22.08,-4.791
22.084,12.985
22.088,0.21
22.092,2.45
22.096,-6.955
22.1,4.486
22.104,15.22
22.108,8.54
22.112,6.332
22.116,-5.242
22.12,2.272
22.124,-12.115
22.128,-5.469
22.132,-13.465
22.136,-7.241
22.14,13.194
22.144,-6.613
22.148,-10.794
22.152,-21.303
22.156,-0.773
22.16,-18.381
22.164,1.846
22.168,-4.896
22.172,-13.046
22.176,-13.682
22.18,5.492
22.184,5.368
22.188,2.194
22.192,14.945
22.196,12.22
22.2,-3.32
22.204,-1.597
22.208,8.365
22.212,2.183
22.216,9.053
22.22,10.444
22.224,-2.373
22.228,9.534
22.232,0.144
22.236,20.355
22.24,3.236
22.244,-9.626
22.248,11.437
22.252,-4.747
22.256,13.631
22.26,14.924
22.264,-12.391
22.268,-6.217
22.272,20.126
22.276,-0.133
22.28,-3.597
22.284,-2.73
22.288,-5.691
22.292,-1.696
22.296,-9.823
22.3,-9.281
22.304,3.722
22.308,-18.111
22.312,-14.123
22.316,-17.743
22.32,0.962
22.324,-15.347
22.328,-18.286
22.332,-24.822
22.336,-10.198
22.34,-1.088
22.344,-20.38
22.348,-10.553
22.352,-15.573
22.356,-23.346
22.36,-1.896
22.364,1.931
22.368,0.297
22.372,-10.743
22.376,-7.292
22.38,11.087
22.384,-0.777
22.388,-3.641
22.392,-10.483
22.396,-16.852
22.4,4.036
22.404,10.441
22.408,-7.835
22.412,17.629
22.416,9.751
22.42,17.258
22.424,21.931
22.428,16.937
22.432,33.038
22.436,9.133
22.44,7.979
22.444,3.971
22.448,24.374
22.452,16.432
22.456,2.081
22.46,16.119
22.464,12.306
22.468,-8.843
22.472,21.001
22.476,1.15
22.48,-6.55
22.484,11.392
22.488,11.241
22.492,10.183
22.496,12.312
22.5,10.31
22.504,7.811
22.508,-6.2
22.512,-6.833
22.516,12.112
22.52,-7.798
22.524,-9.495
22.528,-8.716
22.532,-4.729
22.536,8.614
22.54,1.876
22.544,-8.322
22.548,9.334
22.552,-4.937
22.556,-7.855
22.56,7.115
22.564,8.987
22.568,12.128
22.572,-4.131
22.576,0.36
22.58,-11.467
22.584,-14.375
22.588,-5.471
22.592,-0.59
22.596,8.477
22.6,2.794
22.604,-10.574
22.608,13.216
22.612,7.687
22.616,15.269
22.62,15.947
22.624,-10.207
22.628,18.329
22.632,-0.07
22.636,10.031
22.64,15.112
22.644,17.502
22.648,14.386
22.652,8.523
22.656,9.747
22.66,20.853
22.664,9.733
22.668,-5.652
22.672,-6.434
22.676,10.931
22.68,-3.089
22.684,9.868
22.688,1.694
22.692,-9.316
22.696,-17.7
22.7,-7.254
22.704,-7.476
22.708,-7.634
22.712,-20.948
22.716,-13.288
22.72,-7.843
22.724,-20.389
22.728,-15.586
22.732,-3.429
22.736,-16.409
22.74,-2.312
22.744,-13.53
22.748,-8.458
22.752,3.06
22.756,-1.013
22.76,3.157
22.764,-18.639
22.768,-6.669
22.772,-0.002
22.776,0.118
22.78,-5.224
22.784,8.291
22.788,-4.181
22.792,0.758
22.796,2.321
22.8,-0.481
22.804,0.03
22.808,14.185
22.812,10.301
22.816,21.709
22.82,3.312
22.824,-4.196
22.828,0.097
22.832,-1.238
22.836,13.6
22.84,-5.618
22.844,-5.481
22.848,2.721
22.852,-21.853
22.856,0.345
22.86,0.799
22.864,-23.358
22.868,16.524
22.872,-6.248
22.876,7.985
22.88,22.769
22.884,-2.613
22.888,-12.296
22.892,4.173
22.896,-1.658
22.9,-0.993
22.904,-9.408
22.908,-15.883
22.912,-1.671
22.916,-10.202
22.92,-1.793
22.924,-11.614
22.928,-21.796
22.932,-18.12
22.936,-0.3
22.94,3.18
22.944,-6.04
22.948,-10.699
22.952,-4.281
22.956,-13.443
22.96,-10.445
22.964,-1.076
22.968,10.185
22.972,3.182
22.976,9.547
22.98,1.215
22.984,11.315
22.988,1.771
22.992,23.146
22.996,10.797
23.0,9.241
23.004,37.903
23.008,32.998
23.012,0.85
23.016,22.64
23.02,33.827
23.024,16.525
23.028,-0.557
23.032,8.068
23.036,2.265
23.04,20.371
23.044,20.73
23.048,2.506
23.052,19.029
23.056,1.357
23.06,14.298
23.064,3.578
23.068,19.652
23.072,6.458
23.076,14.264
23.08,-8.277
23.084,15.2
23.088,-8.205
23.092,4.996
23.096,13.982
23.1,-2.327
23.104,10.471
23.108,-1.38
23.112,7.417
23.116,11.103
23.12,1.366
23.124,6.245
23.128,16.42
23.132,7.184
23.136,-16.481
23.14,-2.556
23.144,-3.713
23.148,-15.158
23.152,-9.442
23.156,-26.444
23.16,-22.581
23.164,1.52
23.168,-7.266
23.172,-6.112
23.176,-5.567
23.18,-7.389
23.184,-9.544
23.188,5.557
23.192,-2.021
23.196,13.547
23.2,-9.615
23.204,7.818
23.208,10.344
23.212,0.113
23.216,-4.881
23.22,14.802
23.224,13.195
23.228,13.382
23.232,12.012
23.236,7.941
23.24,1.445
23.244,17.499
23.248,22.238
23.252,13.307
23.256,19.146
23.26,-15.704
23.264,0.213
23.268,-5.12
23.272,-12.673
23.276,-23.532
23.28,4.428
23.284,4.596
23.288,-13.695
23.292,-11.323
23.296,-15.423
23.3,-18.164
23.304,-11.151
23.308,10.791
23.312,-13.458
23.316,-9.009
23.32,-8.407
23.324,-14.488
23.328,-6.063
23.332,-11.713
23.336,-6.076
23.34,-13.736
23.344,-22.026
23.348,-9.821
23.352,-4.299
23.356,-19.587
23.36,-22.933
23.364,-4.756
23.368,-7.976
23.372,-7.141
23.376,-6.865
23.38,-11.332
23.384,14.866
23.388,-23.033
23.392,0.778
23.396,0.504
23.4,9.456
23.404,8.32
23.408,8.608
23.412,-4.534
23.416,-4.33
23.42,13.123
23.424,5.095
23.428,7.427
23.432,19.926
23.436,14.584
23.44,-6.643
23.444,20.874
23.448,4.547
23.452,6.094
23.456,6.997
23.46,30.389
23.464,17.056
23.468,26.285
23.472,10.315
23.476,5.921
23.48,15.745
23.484,6.949
23.488,1.927
23.492,-5.794
23.496,11.254
23.5,13.139
23.504,-1.935
23.508,-39.866
23.512,4.262
23.516,-12.56
23.52,-10.254
23.524,-8.847
23.528,0.635
23.532,8.952
23.536,-13.507
23.54,20.111
23.544,6.571
23.548,4.052
23.552,-9.632
23.556,5.981
23.56,-0.91
23.564,23.168
23.568,18.143
23.572,4.235
23.576,9.617
23.58,-12.035
23.584,14.547
23.588,4.507
23.592,1.417
23.596,8.914
23.6,14.578
23.604,16.58
23.608,-3.699
23.612,-5.791
23.616,6.28
23.62,11.335
23.624,-6.616
23.628,13.873
23.632,13.077
23.636,-5.122
23.64,18.179
23.644,-2.898
23.648,-13.33
23.652,-7.229
23.656,-7.475
23.66,6.177
23.664,19.297
23.668,10.324
23.672,14.528
23.676,8.436
23.68,-12.322
23.684,-9.443
23.688,-3.177
23.692,-1.613
23.696,-12.316
23.7,-17.69
23.704,-25.72
23.708,-6.737
23.712,-4.928
23.716,6.308
23.72,-19.084
23.724,-14.248
23.728,-22.517
23.732,-15.785
23.736,-5.081
23.74,-10.39
23.744,-8.552
23.748,-11.89
23.752,-17.326
23.756,-4.095
23.76,-20.323
23.764,-2.822
23.768,-14.166
23.772,-7.327
23.776,-18.109
23.78,-23.025
23.784,0.867
23.788,14.619
23.792,17.909
23.796,21.569
23.8,3.279
23.804,4.547
23.808,-9.866
23.812,5.914
23.816,5.943
23.82,-4.23
23.824,21.212
23.828,6.886
23.832,-0.322
23.836,-12.523
23.84,29.37
23.844,10.261
23.848,8.379
23.852,-2.723
23.856,6.081
23.86,4.277
23.864,3.804
23.868,-12.411
23.872,-1.733
23.876,2.242
23.88,-1.333
23.884,-9.941
23.888,-17.603
23.892,8.795
23.896,9.742
23.9,0.842
23.904,-5.445
23.908,-9.993
23.912,-16.772
23.916,-14.281
23.92,-4.048
23.924,-5.459
23.928,-9.05
23.932,-14.124
23.936,-17.035
23.94,-4.559
23.944,-16.399
23.948,7.05
23.952,1.502
23.956,17.386
23.96,2.048
23.964,5.137
23.968,2.369
23.972,3.132
23.976,8.654
23.98,1.647
23.984,23.097
23.988,10.755
23.992,9.194
23.996,-15.171
24.0,-5.637
24.004,8.712
24.008,10.865
24.012,6.032
24.016,20.476
24.02,9.252
24.024,12.318
24.028,1.244
24.032,3.238
24.036,9.743
24.04,1.313
24.044,27.887
24.048,1.734
24.052,7.171
24.056,15.505
24.06,8.756
24.064,14.576
24.068,6.568
24.072,5.868
24.076,-5.25
24.08,13.831
24.084,14.106
24.088,1.182
24.092,14.265
24.096,3.223
24.1,4.866
24.104,-11.597
24.108,-24.231
24.112,4.04
24.116,21.679
24.12,-11.046
24.124,-5.035
24.128,0.545
24.132,6.206
24.136,-5.749
24.14,0.173
24.144,-13.277
24.148,-9.869
24.152,4.003
24.156,-3.657
24.16,-27.732
24.164,-5.34
24.168,13.826
24.172,-4.845
24.176,0.597
24.18,-23.913
24.184,-5.376
24.188,0.074
24.192,1.033
24.196,-4.29
24.2,-2.266
24.204,-13.477
24.208,-7.846
24.212,-1.092
24.216,8.264
24.22,3.355
24.224,10.771
24.228,15.291
24.232,-1.173
24.236,-1.415
24.24,18.444
24.244,-6.784
24.248,-10.313
24.252,-5.446
24.256,-13.603
24.26,-12.988
24.264,-11.772
24.268,-5.556
24.272,3.582
24.276,-4.574
24.28,-12.01
24.284,14.064
24.288,-9.664
24.292,-2.389
24.296,-3.082
24.3,-11.762
24.304,-4.87
24.308,-7.97
24.312,-15.33
24.316,-17.075
24.32,-11.922
24.324,-30.014
24.328,-11.484
24.332,-10.408
24.336,-8.237
24.34,-8.356
24.344,-14.656
24.348,3.696
24.352,-19.81
24.356,-17.373
24.36,-8.623
24.364,9.232
24.368,4.753
24.372,7.029
24.376,12.93
24.38,-10.972
24.384,-29.042
24.388,5.947
24.392,-9.26
24.396,-0.343
24.4,10.893
24.404,-6.323
24.408,2.287
24.412,16.856
24.416,19.151
24.42,16.662
24.424,22.59
24.428,4.249
24.432,7.715
24.436,19.618
24.44,19.485
24.444,20.259
24.448,20.63
24.452,30.857
24.456,15.899
24.46,-1.867
24.464,12.013
24.468,2.522
24.472,-1.091
24.476,18.03
24.48,23.147
24.484,9.111
24.488,7.85
24.492,-1.418
24.496,-2.565
24.5,-16.082
24.504,7.996
24.508,-4.95
24.512,4.906
24.516,2.938
24.52,-22.037
24.524,9.906
24.528,0.467
24.532,1.371
24.536,-16.864
24.54,-1.371
24.544,-10.132
24.548,-1.923
24.552,18.22
24.556,-11.937
24.56,-17.195
24.564,-0.845
24.568,0.363
24.572,4.798
24.576,17.096
24.58,-4.114
24.584,8.383
24.588,-7.158
24.592,-7.26
24.596,9.646
24.6,15.073
24.604,3.524
24.608,-2.94
24.612,-4.398
24.616,4.517
24.62,7.665
24.624,15.682
24.628,2.117
24.632,-4.353
24.636,-2.825
24.64,-8.195
24.644,1.799
24.648,6.656
24.652,18.588
24.656,19.924
24.66,15.366
24.664,-1.784
24.668,0.542
24.672,8.407
24.676,3.796
24.68,11.109
24.684,-11.272
24.688,2.672
24.692,-1.311
24.696,-4.882
24.7,-3.592
24.704,-20.011
24.708,-4.522
24.712,-13.01
24.716,-12.957
24.72,-13.531
24.724,8.595
24.728,-6.871
24.732,-7.273
24.736,5.671
24.74,-0.301
24.744,-0.283
24.748,-20.84
24.752,-12.43
24.756,-11.741
24.76,-0.819
24.764,5.552
24.768,-2.034
24.772,0.47
24.776,3.354
24.78,-0.897
24.784,-17.472
24.788,3.2
24.792,-9.648
24.796,-8.765
24.8,7.068
24.804,-8.501
24.808,7.577
24.812,-1.786
24.816,2.053
24.82,0.045
24.824,8.192
24.828,1.378
24.832,1.568
24.836,8.328
24.84,2.619
24.844,-12.594
24.848,-1.709
24.852,-5.498
24.856,8.659
24.86,6.817
24.864,8.537
24.868,7.649
24.872,11.782
24.876,1.711
24.88,6.561
24.884,1.367
24.888,-3.094
24.892,-23.058
24.896,-2.178
24.9,0.282
24.904,-5.774
24.908,-7.574
24.912,-3.738
24.916,-20.429
24.92,-1.135
24.924,-2.233
24.928,19.379
24.932,-15.132
24.936,-17.899
24.94,21.625
24.944,18.222
24.948,-2.541
24.952,-6.815
24.956,-19.564
24.96,-5.961
24.964,1.416
24.968,5.421
24.972,19.016
24.976,3.581
24.98,15.417
24.984,-1.413
24.988,20.606
24.992,-3.727
24.996,14.408
25.0,3.797
25.004,13.618
25.008,17.563
25.012,13.695
25.016,-8.516
25.02,24.76
25.024,21.563
25.028,19.238
25.032,9.666
25.036,2.418
25.04,9.934
25.044,-3.195
25.048,1.698
25.052,20.919
25.056,-21.536
25.06,15.769
25.064,-2.384
25.068,15.174
25.072,3.353
25.076,8.402
25.08,-8.29
25.084,1.959
25.088,13.993
25.092,4.21
25.096,-8.958
25.1,7.864
25.104,-10.685
25.108,9.127
25.112,-6.74
25.116,-0.946
25.12,-13.405
25.124,3.572
25.128,6.167
25.132,-4.877
25.136,-7.451
25.14,-30.159
25.144,12.813
25.148,-10.38
25.152,-7.325
25.156,20.859
25.16,-3.646
25.164,-19.874
25.168,-5.745
25.172,4.253
25.176,-9.883
25.18,-8.509
25.184,-15.532
25.188,-20.825
25.192,-3.154
25.196,-16.907
25.2,23.989
25.204,-12.129
25.208,-1.73
25.212,5.189
25.216,6.049
25.22,-5.035
25.224,6.459
25.228,11.517
25.232,-7.433
25.236,19.198
25.24,2.235
25.244,-8.952
25.248,-9.209
25.252,-10.87
25.256,16.088
25.26,13.621
25.264,5.384
25.268,-8.597
25.272,21.031
25.276,-13.814
25.28,-11.587
25.284,1.195
25.288,9.424
25.292,-29.474
25.296,-3.256
25.3,-16.723
25.304,-21.98
25.308,-6.199
25.312,-15.57
25.316,-9.786
25.32,-34.148
25.324,-7.514
25.328,-0.136
25.332,-25.226
25.336,-21.823
25.34,-4.6
25.344,2.199
25.348,-4.57
25.352,3.443
25.356,-33.662
25.36,-19.097
25.364,-3.617
25.368,-2.466
25.372,-7.439
25.376,-13.564
25.38,-4.285
25.384,-15.8
25.388,-7.778
25.392,-18.103
25.396,-13.638
25.4,3.487
25.404,14.147
25.408,-1.137
25.412,2.692
25.416,24.92
25.42,-8.732
25.424,-2.049
25.428,9.494
25.432,6.43
25.436,13.672
25.44,6.053
25.444,24.129
25.448,11.008
25.452,20.929
25.456,8.801
25.46,-2.432
25.464,14.762
25.468,11.643
25.472,1.941
25.476,-7.253
25.48,-10.496
25.484,-1.348
25.488,-2.561
25.492,0.866
25.496,0.101
25.5,-3.035
25.504,-9.903
25.508,8.904
25.512,9.343
25.516,8.755
25.52,4.299
25.524,0.706
25.528,28.041
25.532,3.653
25.536,-8.562
25.54,-17.724
25.544,5.669
25.548,-3.451
25.552,-7.584
25.556,0.6
25.56,-10.725
25.564,-7.758
25.568,-8.996
25.572,-4.534
25.576,10.454
25.58,-7.048
25.584,8.313
25.588,2.19
25.592,-10.773
25.596,18.564
25.6,14.485
25.604,-0.527
25.608,10.48
25.612,-1.641
25.616,16.979
25.62,11.424
25.624,13.465
25.628,0.015
25.632,8.507
25.636,4.904
25.64,6.301
25.644,8.643
25.648,-13.582
25.652,9.084
25.656,3.289
25.66,-2.847
25.664,20.724
25.668,19.266
25.672,-12.997
25.676,-8.255
25.68,7.331
25.684,-8.568
25.688,-4.587
25.692,-7.615
25.696,-2.595
25.7,-11.264
25.704,-7.031
25.708,-10.727
25.712,-14.621
25.716,-8.188
25.72,-15.624
25.724,-24.218
25.728,-12.77
25.732,-21.982
25.736,-6.903
25.74,-13.975
25.744,-15.913
25.748,0.767
25.752,-11.275
25.756,-10.478
25.76,3.001
25.764,-2.043
25.768,-4.013
25.772,-0.558
25.776,-7.954
25.78,-8.241
25.784,-19.245
25.788,-12.319
25.792,-9.403
25.796,8.202
25.8,-9.052
25.804,2.215
25.808,4.451
25.812,5.084
25.816,12.309
25.82,-9.879
25.824,18.387
25.828,-6.986
25.832,1.659
25.836,9.427
25.84,1.165
25.844,-7.027
25.848,-18.831
25.852,1.593
25.856,18.018
25.86,15.477
25.864,-19.433
25.868,4.711
25.872,4.532
25.876,-11.143
25.88,-11.45
25.884,-7.873
25.888,-11.162
25.892,-8.134
25.896,-12.479
25.9,4.544
25.904,-11.836
25.908,-11.417
25.912,-25.409
25.916,-7.729
25.92,-13.339
25.924,-22.546
25.928,-15.502
25.932,-8.152
25.936,-2.134
25.94,9.949
25.944,21.357
25.948,-6.948
25.952,-17.628
25.956,-2.924
25.96,-10.59
25.964,-1.419
25.968,7.5
25.972,2.059
25.976,4.23
25.98,2.182
25.984,-5.13
25.988,-5.649
25.992,-5.914
25.996,13.747
26.0,4.826
26.004,15.262
26.008,5.04
26.012,7.747
26.016,14.763
26.02,11.448
26.024,1.522
26.028,2.737
26.032,15.321
26.036,-8.147
26.04,20.545
26.044,15.416
26.048,12.425
26.052,19.979
26.056,9.33
26.06,20.117
26.064,15.789
26.068,5.159
26.072,-1.178
26.076,7.943
26.08,2.781
26.084,-1.89
26.088,2.013
26.092,-5.945
26.096,19.4
26.1,-2.167
26.104,11.702
26.108,4.314
26.112,14.675
26.116,-1.386
26.12,-16.711
26.124,-1.859
26.128,5.171
26.132,-20.762
26.136,-3.026
26.14,11.766
26.144,0.844
26.148,8.734
26.152,-8.246
26.156,-16.238
26.16,-3.117
26.164,-4.724
26.168,4.633
26.172,-3.238
26.176,-9.888
26.18,2.092
26.184,6.435
26.188,-21.426
26.192,-15.333
26.196,7.25
26.2,13.28
26.204,-5.662
26.208,-18.452
26.212,-16.389
26.216,3.073
26.22,-6.285
26.224,14.828
26.228,0.261
26.232,-4.013
26.236,-2.601
26.24,-9.763
26.244,0.377
26.248,4.933
26.252,-16.886
26.256,7.579
26.26,4.926
26.264,-5.739
26.268,-19.851
26.272,-4.918
26.276,-6.924
26.28,-7.944
26.284,-4.049
26.288,5.306
26.292,-20.983
26.296,-21.655
26.3,-2.695
26.304,-2.149
26.308,-12.381
26.312,-17.525
26.316,-2.291
26.32,-10.713
26.324,-17.998
26.328,-19.984
26.332,-12.956
26.336,-5.698
26.34,4.297
26.344,-8.381
26.348,-12.123
26.352,-17.613
26.356,-11.458
26.36,-18.745
26.364,4.439
26.368,-15.32
26.372,-6.158
26.376,2.161
26.38,7.875
26.384,-8.132
26.388,18.83
26.392,-26.193
26.396,-10.973
26.4,-2.715
26.404,11.818
26.408,4.67
26.412,14.953
26.416,3.711
26.42,15.08
26.424,16.422
26.428,16.842
26.432,17.922
26.436,26.216
26.44,1.878
26.444,12.781
26.448,-9.608
26.452,-0.703
26.456,28.536
26.46,17.568
26.464,14.749
26.468,10.645
26.472,4.769
26.476,-1.381
26.48,9.592
26.484,10.429
26.488,-20.482
26.492,-9.882
26.496,5.923
26.5,-9.726
26.504,-2.014
26.508,16.799
26.512,12.473
26.516,-4.457
26.52,-11.602
26.524,7.88
26.528,14.783
26.532,-10.447
26.536,4.985
26.54,-9.383
26.544,-10.04
26.548,2.608
26.552,2.741
26.556,-1.492
26.56,-8.421
26.564,-21.032
26.568,29.852
26.572,1.852
26.576,9.546
26.58,19.522
26.584,-1.866
26.588,2.403
26.592,0.655
26.596,-14.292
26.6,-3.915
26.604,11.531
26.608,6.414
26.612,13.651
26.616,7.379
26.62,17.997
26.624,5.72
26.628,9.72
26.632,23.143
26.636,8.54
26.64,30.107
26.644,-6.327
26.648,-0.996
26.652,2.571
26.656,4.596
26.66,23.428
26.664,14.941
26.668,6.079
26.672,4.817
26.676,-12.213
26.68,1.633
26.684,15.73
26.688,-10.079
26.692,-11.666
26.696,-4.024
26.7,4.319
26.704,9.587
26.708,5.174
26.712,-13.715
26.716,12.758
26.72,-21.239
26.724,-17.83
26.728,-8.289
26.732,-22.757
26.736,-5.813
26.74,5.91
26.744,-10.16
26.748,-36.684
26.752,-12.084
26.756,-5.851
26.76,-9.357
26.764,-13.222
26.768,-8.518
26.772,-19.815
26.776,-5.927
26.78,-8.368
26.784,-11.03
26.788,15.71
26.792,-8.911
26.796,7.925
26.8,5.95
26.804,13.249
26.808,-26.042
26.812,-0.378
26.816,-10.52
26.82,3.744
26.824,4.883
26.828,-2.239
26.832,23.469
26.836,13.504
26.84,-1.403
26.844,28.612
26.848,-1.508
26.852,-0.374
26.856,15.806
26.86,-4.056
26.864,3.112
26.868,3.802
26.872,16.473
26.876,-13.547
26.88,-3.709
26.884,8.164
26.888,-4.905
26.892,-2.755
26.896,3.499
26.9,-6.943
26.904,-9.219
26.908,-15.12
26.912,2.547
26.916,1.377
26.92,-8.228
26.924,-5.862
26.928,-17.948
26.932,2.543
26.936,-11.548
26.94,-3.533
26.944,-0.473
26.948,1.234
26.952,22.604
26.956,1.821
26.96,-18.263
26.964,1.69
26.968,6.829
26.972,-14.455
26.976,-4.273
26.98,4.44
26.984,9.914
26.988,-2.409
26.992,7.725
26.996,10.106
27.0,17.99
27.004,23.128
27.008,11.9
27.012,24.66
27.016,6.307
27.02,7.385
27.024,11.92
27.028,2.559
27.032,10.97
27.036,15.335
27.04,23.882
27.044,15.704
27.048,18.007
27.052,18.063
27.056,-3.973
27.06,9.24
27.064,18.402
27.068,15.719
27.072,15.824
27.076,7.511
27.08,10.883
27.084,1.329
27.088,-20.786
27.092,11.252
27.096,9.303
27.1,-10.383
27.104,-4.626
27.108,-11.536
27.112,9.175
27.116,-14.466
27.12,2.548
27.124,-13.628
27.128,11.409
27.132,1.194
27.136,-4.81
27.14,-18.788
27.144,6.718
27.148,-6.311
27.152,-21.291
27.156,-5.175
27.16,2.587
27.164,1.812
27.168,1.487
27.172,1.3
27.176,-1.484
27.18,6.904
27.184,-8.376
27.188,-16.349
27.192,-2.237
27.196,0.124
27.2,-9.547
27.204,-0.744
27.208,-16.739
27.212,-2.849
27.216,11.161
27.22,-7.36
27.224,-0.307
27.228,11.099
27.232,18.44
27.236,8.73
27.24,-13.876
27.244,1.462
27.248,15.291
27.252,-3.447
27.256,7.197
27.26,4.213
27.264,-17.974
27.268,-7.068
27.272,-11.628
27.276,-4.197
27.28,2.598
27.284,-5.228
27.288,3.534
27.292,-21.654
27.296,-17.028
27.3,-9.297
27.304,0.874
27.308,-16.677
27.312,-3.874
27.316,-24.476
27.32,-1.523
27.324,10.308
27.328,-12.657
27.332,-8.097
27.336,2.804
27.34,2.137
27.344,-7.104
27.348,16.755
27.352,-1.866
27.356,-6.229
27.36,-1.852
27.364,-3.248
27.368,-3.289
27.372,-5.612
27.376,15.985
27.38,-1.142
27.384,2.103
27.388,-2.091
27.392,5.031
27.396,0.907
27.4,9.693
27.404,3.322
27.408,2.875
27.412,-1.117
27.416,8.61
27.42,0.069
27.424,17.071
27.428,7.234
27.432,5.008
27.436,14.838
27.44,18.389
27.444,10.97
27.448,-10.057
27.452,2.364
27.456,1.413
27.46,4.474
27.464,8.392
27.468,12.304
27.472,6.102
27.476,10.974
27.48,14.322
27.484,7.035
27.488,17.281
27.492,9.435
27.496,-10.248
27.5,16.441
27.504,17.732
27.508,0.617
27.512,17.609
27.516,-12.464
27.52,5.326
27.524,-9.479
27.528,-2.159
27.532,-13.532
27.536,1.415
27.54,-10.158
27.544,11.388
27.548,-8.924
27.552,5.134
27.556,-10.223
27.56,-10.295
27.564,2.434
27.568,16.984
27.572,5.946
27.576,0.701
27.58,-1.7
27.584,21.402
27.588,-6.226
27.592,7.601
27.596,25.396
27.6,-3.401
27.604,12.453
27.608,-0.007
27.612,14.847
27.616,24.17
27.62,36.284
27.624,23.617
27.628,14.306
27.632,8.172
27.636,3.078
27.64,-5.884
27.644,21.48
27.648,-11.9
27.652,16.191
27.656,9.509
27.66,24.209
27.664,3.154
27.668,13.267
27.672,14.179
27.676,8.241
27.68,-1.178
27.684,-0.061
27.688,-18.645
27.692,2.745
27.696,0.652
27.7,-14.434
27.704,-3.367
27.708,0.695
27.712,-6.955
27.716,-26.834
27.72,6.481
27.724,-13.644
27.728,-7.552
27.732,-26.42
27.736,-26.217
27.74,-15.772
27.744,-13.751
27.748,-12.89
27.752,-13.783
27.756,-3.641
27.76,-4.876
27.764,5.184
27.768,-1.745
27.772,-11.199
27.776,-2.067
27.78,4.099
27.784,17.375
27.788,-8.275
27.792,6.323
27.796,-6.136
27.8,4.981
27.804,-9.055
27.808,11.361
27.812,-1.745
27.816,0.705
27.82,22.269
27.824,13.89
27.828,-12.614
27.832,-1.949
27.836,5.442
27.84,4.999
27.844,0.034
27.848,3.988
27.852,9.366
27.856,19.992
27.86,-7.451
27.864,-0.208
27.868,12.019
27.872,16.958
27.876,9.364
27.88,-15.607
27.884,-6.458
27.888,-12.997
27.892,0.402
27.896,8.544
27.9,-18.485
27.904,-26.479
27.908,-20.64
27.912,-9.633
27.916,3.822
27.92,-14.58
27.924,-19.983
27.928,-7.678
27.932,-10.697
27.936,-1.653
27.94,7.371
27.944,-12.874
27.948,-2.34
27.952,-14.288
27.956,-7.716
27.96,-13.082
27.964,-5.277
27.968,-3.852
27.972,4.545
27.976,1.715
27.98,-2.701
27.984,-6.295
27.988,27.275
27.992,7.355
27.996,-3.794
28.0,19.683
28.004,-3.838
28.008,16.624
28.012,20.77
28.016,5.907
28.02,27.861
28.024,48.655
28.028,7.54
28.032,17.654
28.036,6.305
28.04,7.571
28.044,13.224
28.048,18.463
28.052,7.195
28.056,8.22
28.06,13.681
28.064,22.322
28.068,12.787
28.072,-3.159
28.076,9.169
28.08,-6.758
28.084,12.031
28.088,2.266
28.092,-1.816
28.096,-5.072
28.1,4.164
28.104,0.665
28.108,0.431
28.112,-1.238
28.116,-5.771
28.12,-7.303
28.124,-1.218
28.128,-4.983
28.132,5.096
28.136,-15.688
28.14,-7.989
28.144,-6.007
28.148,-8.774
28.152,-10.865
28.156,-6.056
28.16,-3.933
28.164,2.068
28.168,-7.546
28.172,-7.261
28.176,-12.344
28.18,3.991
28.184,13.032
28.188,3.144
28.192,-6.977
28.196,-7.4
28.2,-8.348
28.204,2.672
28.208,-13.288
28.212,27.395
28.216,-0.324
28.22,11.698
28.224,15.567
28.228,-4.522
28.232,9.878
28.236,-3.709
28.24,8.837
28.244,-7.861
28.248,-16.83
28.252,-0.943
28.256,4.564
28.26,5.977
28.264,1.75
28.268,-6.112
28.272,5.796
28.276,-14.29
28.28,-12.516
28.284,-9.475
28.288,-9.006
28.292,-4.534
28.296,-1.71
28.3,-8.031
28.304,-4.389
28.308,-17.664
28.312,-12.298
28.316,-9.454
28.32,-16.634
28.324,-0.187
28.328,-12.5
28.332,-13.639
28.336,5.204
28.34,-13.006
28.344,-12.627
28.348,-29.701
28.352,-12.668
28.356,-18.203
28.36,-9.356
28.364,-1.36
28.368,-30.37
28.372,-17.441
28.376,1.525
28.38,-8.915
28.384,-11.242
28.388,15.16
28.392,-12.435
28.396,4.64
28.4,-9.303
28.404,3.304
28.408,-1.191
28.412,9.268
28.416,13.56
28.42,2.549
28.424,23.783
28.428,15.627
28.432,16.976
28.436,6.016
28.44,17.409
28.444,-6.729
28.448,0.224
28.452,15.096
28.456,9.817
28.46,4.876
28.464,31.464
28.468,-6.316
28.472,13.935
28.476,11.08
28.48,-2.691
28.484,6.374
28.488,-0.952
28.492,-20.419
28.496,-10.067
28.5,9.752
28.504,1.423
28.508,4.352
28.512,-2.048
28.516,2.677
28.52,-5.412
28.524,-12.8
28.528,5.18
28.532,-12.964
28.536,-3.759
28.54,-6.486
28.544,16.614
28.548,-8.825
28.552,-1.893
28.556,5.979
28.56,2.495
28.564,11.172
28.568,4.507
28.572,9.878
28.576,20.346
28.58,-8.508
28.584,9.834
28.588,16.755
28.592,-14.417
28.596,21.222
28.6,17.107
28.604,-9.638
28.608,18.958
28.612,6.911
28.616,18.102
28.62,16.787
28.624,0.127
28.628,11.403
28.632,12.088
28.636,0.968
28.64,18.514
28.644,-2.485
28.648,19.097
28.652,25.827
28.656,5.763
28.66,4.426
28.664,1.529
28.668,0.759
28.672,-6.526
28.676,1.811
28.68,-7.172
28.684,-1.722
28.688,-11.646
28.692,-2.503
28.696,-10.65
28.7,-14.953
28.704,-16.124
28.708,-3.023
28.712,-23.216
28.716,-5.435
28.72,-10.38
28.724,-2.562
28.728,-8.027
28.732,-22.253
28.736,-8.988
28.74,-12.489
28.744,-16.731
28.748,-23.733
28.752,4.451
28.756,-1.158
28.76,-15.871
28.764,-5.625
28.768,-6.214
28.772,-13.044
28.776,-10.66
28.78,-12.971
28.784,-12.797
28.788,-9.753
28.792,4.479
28.796,-14.106
28.8,9.331
28.804,5.479
28.808,24.422
28.812,7.714
28.816,-0.395
28.82,-3.08
28.824,-7.321
28.828,-0.501
28.832,13.671
28.836,2.2
28.84,6.414
28.844,1.572
28.848,-21.13
28.852,28.415
28.856,-7.329
28.86,15.255
28.864,8.547
28.868,-1.569
28.872,-13.882
28.876,-18.907
28.88,12.178
28.884,-4.183
28.888,-12.709
28.892,-16.667
28.896,-4.129
28.9,-7.374
28.904,-12.726
28.908,9.203
28.912,3.051
28.916,-14.266
28.92,1.395
28.924,-0.113
28.928,9.585
28.932,-2.098
28.936,3.798
28.94,10.024
28.944,1.191
28.948,-6.344
28.952,-19.707
28.956,10.727
28.96,-17.773
28.964,6.503
28.968,4.927
28.972,8.779
28.976,12.979
28.98,-11.429
28.984,3.315
28.988,5.805
28.992,23.848
28.996,-10.565
29.0,-1.933
29.004,8.09
29.008,11.426
29.012,27.67
29.016,0.153
29.02,-0.678
29.024,9.36
29.028,13.868
29.032,-4.315
29.036,8.113
29.04,17.664
29.044,25.509
29.048,-4.543
29.052,29.855
29.056,7.045
29.06,2.292
29.064,16.92
29.068,23.619
29.072,-0.384
29.076,10.13
29.08,-5.787
29.084,-20.285
29.088,13.083
29.092,6.389
29.096,6.979
29.1,-4.859
29.104,-3.828
29.108,-19.494
29.112,6.135
29.116,0.463
29.12,-8.226
29.124,-3.151
29.128,0.819
29.132,-5.544
29.136,-3.551
29.14,-10.438
29.144,-3.483
29.148,22.778
29.152,-11.84
29.156,4.816
29.16,9.674
29.164,-18.339
29.168,-0.831
29.172,-8.743
29.176,-6.416
29.18,5.22
29.184,6.246
29.188,15.268
29.192,5.872
29.196,6.024
29.2,3.932
29.204,-4.121
29.208,-4.432
29.212,6.205
29.216,-15.084
29.22,8.182
29.224,0.855
29.228,0.535
29.232,0.895
29.236,11.089
29.24,-22.142
29.244,5.479
29.248,3.37
29.252,-14.108
29.256,-0.485
29.26,-8.036
29.264,-8.486
29.268,6.565
29.272,-19.6
29.276,-18.671
29.28,9.018
29.284,-25.453
29.288,-11.693
29.292,6.4
29.296,-7.675
29.3,-8.132
29.304,2.816
29.308,-3.283
29.312,-0.846
29.316,-20.518
29.32,-20.576
29.324,-11.749
29.328,11.705
29.332,-21.642
29.336,-12.917
29.34,-8.321
29.344,-10.049
29.348,-16.399
29.352,-6.195
29.356,-14.968
29.36,-5.467
29.364,-17.469
29.368,-8.211
29.372,-4.307
29.376,-20.168
29.38,-11.33
29.384,16.612
29.388,-0.498
29.392,5.718
29.396,14.07
29.4,9.697
29.404,-1.771
29.408,10.126
29.412,14.905
29.416,13.115
29.42,-2.138
29.424,2.821
29.428,-1.732
29.432,2.943
29.436,-5.599
29.44,4.8
29.444,33.722
29.448,12.868
29.452,17.097
29.456,4.776
29.46,-3.226
29.464,8.233
29.468,-16.033
29.472,2.213
29.476,9.0
29.48,22.432
29.484,0.287
29.488,23.02
29.492,-5.17
29.496,13.959
29.5,-9.381
29.504,-2.232
29.508,-2.668
29.512,-2.616
29.516,-11.181
29.52,-0.947
29.524,-13.63
29.528,-3.226
29.532,-0.859
29.536,7.944
29.54,-8.421
29.544,-2.446
29.548,-15.826
29.552,9.489
29.556,11.488
29.56,-6.187
29.564,11.58
29.568,6.599
29.572,4.833
29.576,19.301
29.58,-15.009
29.584,-1.992
29.588,8.127
29.592,11.946
29.596,7.812
29.6,10.064
29.604,8.2
29.608,21.434
29.612,12.277
29.616,15.233
29.62,9.037
29.624,12.113
29.628,3.647
29.632,16.384
29.636,9.882
29.64,-14.684
29.644,6.56
29.648,13.747
29.652,7.426
29.656,18.454
29.66,-0.22
29.664,-19.177
29.668,22.375
29.672,12.505
29.676,13.981
29.68,-8.86
29.684,4.845
29.688,1.302
29.692,-24.327
29.696,-13.668
29.7,-14.3
29.704,-22.851
29.708,1.329
29.712,6.103
29.716,-22.83
29.72,-3.512
29.724,-7.72
29.728,-24.549
29.732,-28.535
29.736,-24.549
29.74,-32.41
29.744,-28.877
29.748,-15.294
29.752,-17.342
29.756,-8.898
29.76,1.792
29.764,-17.291
29.768,-18.374
29.772,-10.964
29.776,0.465
29.78,-15.245
29.784,-6.655
29.788,-19.601
29.792,-15.563
29.796,-1.822
29.8,-7.813
29.804,-10.856
29.808,-19.367
29.812,-21.03
29.816,-0.104
29.82,-3.573
29.824,-4.091
29.828,10.242
29.832,4.164
29.836,12.076
29.84,-8.651
29.844,12.778
29.848,10.142
29.852,-9.266
29.856,5.215
29.86,9.341
29.864,-7.324
29.868,-10.363
29.872,9.739
29.876,-5.412
29.88,0.092
29.884,-5.943
29.888,-34.151
29.892,-11.191
29.896,-8.518
29.9,-11.169
29.904,-7.79
29.908,-17.217
29.912,10.513
29.916,-13.267
29.92,-1.272
29.924,17.404
29.928,5.321
29.932,-12.11
29.936,0.847
29.94,-13.731
29.944,9.181
29.948,3.583
29.952,-5.042
29.956,-1.139
29.96,-12.781
29.964,-7.117
29.968,12.522
29.972,5.148
29.976,25.12
29.98,2.274
29.984,22.782
29.988,-13.737
29.992,4.903
29.996,14.159
